Time,e1,e2,e3,edot1,edot2,edot3,mu1,mu2,mu3,SetAngle1,SetAngle2,SetAngle3,ActualAngle1,ActualAngle2,ActualAngle3,X0,Y0,Z0,Actual_X,Actual_Y,Actual_Z,X_Set,Y_Set,Z_Set,refCurr1,refCurr2,refCurr3,ActualCurr1,ActualCurr2,ActualCurr3
0.0,-9.94837682810612e-05,-9.94837682810612e-05,-9.94837682810612e-05,4.203895392974451e-45,4.203895392974451e-45,4.203895392974451e-45,0.0043162652508964006,0.0043162652508964006,0.0043162652508964006,-0.005686595269523741,-0.005686595269523741,-0.005686595269523741,0.0,0.0,0.0,0.0,0.0,-184.0,0.0,-7.165896722166769e-15,-184.0173703997271,0.0,-1.433179351732963e-14,-184.0000024755281,-0.299780935049057,-0.28065499663352966,-0.31830260157585144,-0.6448042392730713,-0.09528754651546478,-0.14314307272434235
0.04,-9.94837682810612e-05,-9.94837682810612e-05,-9.94837682810612e-05,4.203895392974451e-45,4.203895392974451e-45,4.203895392974451e-45,0.0043162652508964006,0.0043162652508964006,0.0043162652508964006,0.4142868312709749,-0.21306591342523187,-0.21306591342523187,0.0,0.0,0.0,0.0,1.3888888888888888,-184.0,0.0,-7.165896722166769e-15,-184.0173703997271,0.0,1.388888929631816,-184.00000247525816,-0.3008997142314911,-0.2777605354785919,-0.31280797719955444,-0.5016945600509644,-0.024275831878185272,-0.18604178726673126
0.08,0.007230898831039667,-0.0037192965392023325,-0.0037192965392023325,0.00024652128922753036,-0.00012173448340035975,-0.00012173448340035975,0.002769014823378757,0.003937224803250349,0.003937224803250349,0.8377436556922286,-0.4169842784555035,-0.4169842784555035,0.0,0.0,0.0,0.0,2.7777777777777777,-184.0,0.0,-7.165896722166769e-15,-184.0173703997271,0.0,2.7777778591786118,-184.00000247444999,-0.17728964984416962,-0.3392122685909271,-0.3757365345954895,-0.3467462658882141,-0.20872803032398224,-0.327548086643219
0.12,0.008209209889173508,-0.007278022821992636,-0.007278022821992636,-0.0015301455277949572,-0.00027119540027342737,-0.00027119540027342737,0.002560960996667182,0.003143186302146931,0.003143186302146931,1.264637646746067,-0.6174374392463308,-0.6174374392463308,0.36734694242477417,0.0,0.0,0.0,4.166666666666666,-184.0,0.0,0.8149462349152361,-184.3899101585922,0.0,4.166666788627427,-184.00000247310643,-0.07829433679580688,-0.40194544196128845,-0.4391625225543976,-0.5419666767120361,-0.605015218257904,-0.7073635458946228
0.16,0.009248606860637665,-0.010775662958621979,-0.010775662958621979,-0.24060098826885223,-0.000343673542374745,-0.000343673542374745,0.003163413410914971,0.0027590047292561136,0.0027590047292561136,1.6949213999856334,-0.8144214223418295,-0.8144214223418295,0.7346938848495483,0.0,0.0,0.0,5.555555555555555,-184.0,0.0,1.6330321028263182,-184.75951428203763,0.0,5.555555717965612,-184.0000024712306,-0.15290705859661102,-0.508853554725647,-0.5434579253196716,-0.9519087076187134,-1.003432035446167,-1.207428216934204
0.2,0.010347345843911171,-0.007802547886967659,-0.01421396154910326,-0.0027638000901788473,0.04689008742570877,-0.0004679679113905877,0.0022293241896963836,0.0030991098317085693,0.002622420436458138,2.128546368772262,-1.0079325314075522,-1.0079325314075522,1.1020407676696777,-0.36734694242477417,0.0,0.0,6.944444444444445,-184.0,0.7072726760807915,2.8575700520487497,-184.74305217885794,0.0,6.944444647180646,-184.00000246882576,-0.04820792004466057,-0.443715900182724,-0.6756377816200256,-0.41688355803489685,-0.0842302143573761,-0.5509852170944214
0.24,0.005092263221740723,-0.011179759167134762,-0.011179759167134762,-0.4777405858039856,-0.0010050934506580234,0.03487361967563629,0.004633148259340227,0.0027318977577250533,0.0027305104187586955,2.5654628969160207,-1.1979673464295078,-1.1979673464295078,1.8367347717285156,-0.36734694242477417,-0.36734694242477417,0.0,8.333333333333332,-184.0,0.0,4.907452369763382,-185.07677552918344,0.0,8.333333576260197,-184.00000246589542,-0.4473055601119995,-0.5133478045463562,-0.5813153982162476,-0.4922742247581482,-0.9748914241790771,-0.8624814748764038
0.28,0.012719351798295975,-0.01449762936681509,-0.01449762936681509,0.0012994138523936272,-0.0012723106192424893,-0.0011508322786539793,0.0020380284742815124,0.002617764232812991,0.00261776320044871,3.0056202528953464,-1.3845227226503565,-1.3845227226503565,1.8367347717285156,-0.36734694242477417,-0.36734694242477417,0.0,9.722222222222221,-184.0,0.0,4.907452369763382,-185.07677552918344,0.0,9.722222505192178,-184.00000246244346,-0.058579474687576294,-0.6294592022895813,-0.6736482977867126,-0.8646172881126404,-1.8961502313613892,-1.6460390090942383
0.32,0.007577721029520035,-0.011341257020831108,-0.017752669751644135,-0.18576373159885406,0.01373210921883583,-0.001248775515705347,0.0032519212865714285,0.0027216024102333257,0.0025924823986488987,3.448966665596679,-1.5675957892444874,-1.5675957892444874,2.5714285373687744,-0.7346938848495483,-0.36734694242477417,0.0,11.11111111111111,-184.0,0.7099851037965121,6.96430788264712,-185.3854528614049,0.0,11.111111433964691,-184.0000024584738,-0.12063881009817123,-0.5648120045661926,-0.7867372632026672,-0.9346550703048706,-0.8670102953910828,-1.5494030714035034
0.36,0.008905094116926193,-0.008125541731715202,-0.014536954462528229,-0.01492224633693695,0.007850742898881435,0.016006920486688614,0.002460233817237924,0.003055059945295576,0.002617019456702744,3.895449361510757,-1.7471839477341022,-1.7471839477341022,2.9387755393981934,-1.1020407676696777,-0.7346938848495483,0.0,12.5,-184.0,0.7085593978906349,8.583802255732635,-184.940184348556,0.0,12.500000362566114,-184.0000024539906,-0.07259202003479004,-0.47443893551826477,-0.6879101395606995,-0.8785303235054016,-0.9460896253585815,-1.7448967695236206
0.4,0.010284829884767532,-0.004848737269639969,-0.011260151863098145,-0.011270935647189617,0.018931765109300613,0.0268337931483984,0.002252814508491698,0.003578162437617878,0.002725923915277164,4.3450146033180586,-1.9232848701482805,-1.9232848701482805,3.3061225414276123,-1.4693877696990967,-1.1020407676696777,0.0,13.88888888888889,-184.0,0.7071241496222744,10.195554700714888,-184.4817633868948,0.0,13.888889290984979,-184.00000244899834,0.0027636848390102386,-0.38141414523124695,-0.6167548298835754,0.35110247135162354,-0.5512323975563049,-1.0555068254470825
0.44,0.005309000611305237,-0.007922261953353882,-0.014333676546812057,-0.19301293790340424,-0.0010974560864269733,-0.0010707012843340635,0.003801089688930979,0.0030869649362339404,0.002620383587141978,4.7976077297920146,-2.0958964969277063,-2.0958964969277063,4.040816307067871,-1.4693877696990967,-1.1020407676696777,0.0,15.277777777777777,-184.0,0.7096947596974305,11.870379849635084,-185.1345027084278,0.0,15.277778219210072,-184.00000244350161,-0.22119444608688354,-0.4235197603702545,-0.6859177350997925,-1.0414178371429443,-0.8681607842445374,-1.63193941116333
0.48,0.013208359479904175,-0.010934703052043915,-0.01734611764550209,0.002331843599677086,-0.0011421863455325365,-0.001142095890827477,0.0020193665725947215,0.002747883127159595,0.0025938743572048025,5.253173196945098,-2.2650170345774976,-2.2650170345774976,4.040816307067871,-1.4693877696990967,-1.1020407676696777,0.0,16.666666666666664,-184.0,0.7096947596974305,11.870379849635084,-185.1345027084278,0.0,16.66666714723052,-184.00000243750526,-0.0032908266875892878,-0.5229180455207825,-0.7936676740646362,-0.3598422408103943,-0.8924246430397034,-1.50251042842865
0.52,0.008337259292602539,-0.007474638521671295,-0.020297467708587646,-0.09142282605171204,0.1671314239501953,-0.0013174704508855939,0.0027611920583834326,0.0031231381109484806,0.002588211397512174,5.711654620339391,-2.4306449530710497,-2.4306449530710497,4.775510311126709,-1.8367347717285156,-1.1020407676696777,0.0,18.055555555555554,-184.0,1.4216523839156179,13.938527787172658,-185.36349648762564,0.0,18.055556075035568,-184.00000243101414,-0.010581274516880512,-0.36026906967163086,-0.8718355298042297,-0.9423068761825562,-0.5853931307792664,-1.9340245723724365
0.56,0.00351676344871521,-0.010364901274442673,-0.010364901274442673,-0.6794312596321106,-0.0004928383277729154,0.1445498913526535,0.004824855582120804,0.0027908839207867265,0.002782837843961228,6.172994818480228,-2.5927789830078436,-2.5927789830078436,5.510204315185547,-1.8367347717285156,-1.8367347717285156,0.0,19.444444444444443,-184.0,0.0,16.388429922923393,-185.16864011140194,0.0,19.4444450026149,-184.00000242403354,-0.5892158150672913,-0.5097928047180176,-0.5123511552810669,-0.9509460926055908,-1.017812967300415,-0.768876314163208
0.6,0.011567965149879456,-0.006784413009881973,-0.01319582387804985,0.0007787275244481862,0.02326606772840023,-0.000593257718719542,0.002106167423999046,0.0030397878338845772,0.002645056789379059,6.637135857208807,-2.7514181125285178,-2.7514181125285178,5.510204315185547,-2.2040815353393555,-1.8367347717285156,0.0,20.833333333333332,-184.0,0.7091586978768287,16.76244114569068,-184.7556894375633,0.0,20.833333929958233,-184.00000241656872,-0.0785847082734108,-0.4422135651111603,-0.6700109839439392,-0.5569356679916382,-0.5490851998329163,-1.10443115234375
0.64,0.006845220923423767,-0.003141093999147415,-0.015963919460773468,-0.210527241230011,0.32058408856391907,-0.00104757328517735,0.0035118819072024535,0.003979448734722586,0.0026014882823811526,7.104019095007103,-2.9065615839906056,-2.9065615839906056,6.244897842407227,-2.5714285373687744,-1.8367347717285156,0.0,22.22222222222222,-184.0,1.420332286610704,18.833283223986555,-184.93076493640314,0.0,22.222222857055737,-184.0000024086252,-0.1652471125125885,-0.17130595445632935,-0.7730258107185364,-0.8962616920471191,0.3793763220310211,-1.6461069583892822
0.68,0.008582741022109985,-0.005849845707416534,-0.01226126030087471,-0.1185939684510231,7.19850359018892e-05,0.13494646549224854,0.002799329586155682,0.0029239442899339036,0.0026732571134718934,7.573585229126211,-3.0582088904082383,-3.0582088904082383,6.612245082855225,-2.5714285373687744,-2.2040815353393555,0.0,23.61111111111111,-184.0,0.7099734735683162,20.054123743728812,-184.80733669451212,0.0,23.61111178389777,-184.0000024002087,-0.13982196152210236,-0.3897123634815216,-0.5886500477790833,-0.6283360719680786,-0.48789727687835693,-0.9919642210006714
0.72,0.00395597517490387,-0.008495762944221497,-0.014907177537679672,-0.8545512557029724,-0.0009991717524826527,-0.0005425122217275202,0.00486908848689107,0.003000959133685763,0.0026120218401217534,8.04577434244763,-3.206359771659947,-3.206359771659947,7.3469390869140625,-2.5714285373687744,-2.2040815353393555,0.0,25.0,-184.0,0.7122794336216679,21.767527587226667,-185.3739990263743,0.0,25.0000007104751,-184.0000023913248,-1.069183349609375,-0.46470412611961365,-0.6938513517379761,0.2558401823043823,-1.1269510984420776,-1.815845251083374
0.76,0.012197420001029968,-0.004670925438404083,-0.017493754625320435,0.0002212813269579783,0.06232423707842827,-0.0009793638018891215,0.0020654632539756747,0.003669011205443653,0.0025933342057839746,8.52052595098531,-3.351014210467858,-3.351014210467858,7.3469390869140625,-2.9387755393981934,-2.2040815353393555,0.0,26.38888888888889,-184.0,1.421782526989838,22.13000639753523,-184.94684314263452,0.0,26.388889636778583,-184.00000238197964,-0.053817737847566605,-0.35117775201797485,-0.8160474896430969,-0.7425817847251892,-0.5043879747390747,-1.6820509433746338
0.8,0.007659688591957092,-0.007194675505161285,-0.013606090098619461,-0.4616589844226837,-0.0008750491542741656,0.1966959834098816,0.004382774676601485,0.003136935869342013,0.0026319066561486526,8.997779051935222,-3.4921724281528865,-3.4921724281528865,8.081632614135742,-2.9387755393981934,-2.5714285373687744,0.0,27.77777777777778,-184.0,0.7117685329984894,24.210807591642418,-185.0729070965338,0.0,27.777778562799575,-184.00000237217915,-0.3170924484729767,-0.42362451553344727,-0.5940760374069214,-0.5426305532455444,-0.7843595743179321,-1.0614688396453857
0.84,0.009578719735145569,-0.00965907797217369,-0.016070492565631866,-0.01871071383357048,-0.0009338167146779597,-0.0002648782392498106,0.002361384281965111,0.0028569781693277172,0.002600693036473656,9.477472172178379,-3.6298348801693767,-3.6298348801693767,8.448980331420898,-2.9387755393981934,-2.5714285373687744,0.0,29.166666666666664,-184.0,0.7128707826616304,25.07479107945291,-185.34005606210633,0.0,29.166667488529466,-184.0000023619296,-0.07913905382156372,-0.494694322347641,-0.7796233296394348,-0.7201837301254272,-1.1242047548294067,-1.5518219470977783
0.88,0.005128234624862671,-0.012060649693012238,-0.018472064286470413,-0.5545274019241333,-0.000910283240955323,-0.0009080182062461972,0.004748678683661761,0.0026852666001856962,0.00259064156229182,9.959543417142768,-3.7640022514240288,-3.7640022514240288,9.183673858642578,-2.9387755393981934,-2.5714285373687744,0.0,30.555555555555554,-184.0,0.7150371862713436,26.811095262781134,-185.86420175209363,0.0,30.55555641396026,-184.00000235123719,-0.45115014910697937,-0.5677123665809631,-0.8393217921257019,-0.3875938951969147,-1.2084537744522095,-1.703461766242981
0.92,0.013540729880332947,-0.014402881264686584,-0.02081429585814476,0.001306885969825089,-0.0008896952494978905,-0.0008896875660866499,0.0020132916873404653,0.0026192513770738743,0.002587929116541452,10.443930519929495,-3.894675451382898,-3.894675451382898,9.183673858642578,-2.9387755393981934,-2.5714285373687744,0.0,31.944444444444443,-184.0,0.7150371862713436,26.811095262781134,-185.86420175209363,0.0,31.94444533908398,-184.00000234010827,-0.007983893156051636,-0.6531111001968384,-0.914609968662262,-0.4852154850959778,-1.4533134698867798,-1.607146143913269
0.96,0.009172260761260986,-0.010272618383169174,-0.01668403297662735,-0.15784107148647308,0.003819233737885952,0.10249624401330948,0.0028308619071959803,0.0027984491510294456,0.0025965697262330025,10.930570890608767,-4.021855608971154,-4.021855608971154,9.918368339538574,-3.3061225414276123,-2.9387755393981934,0.0,33.33333333333333,-184.0,0.7143736691844401,29.25639010783171,-185.49878864091244,0.0,33.33333426389309,-184.00000232854944,-0.009672312997281551,-0.5612500905990601,-0.756842851638794,-0.6797798275947571,-1.515453577041626,-1.1278756856918335
1.0,0.004843965172767639,-0.012492675334215164,-0.012492675334215164,-0.1277838498353958,-0.0008189236978068948,0.001917533460073173,0.003714271947426076,0.002667693038768932,0.0026676333066890457,11.419401665591604,-4.145544067270049,-4.145544067270049,10.653061866760254,-3.3061225414276123,-3.3061225414276123,0.0,34.72222222222222,-184.0,0.0,31.352720962114756,-185.5462513916158,0.0,34.72222318838043,-184.0000023165671,-0.17719662189483643,-0.5990956425666809,-0.699074387550354,-0.6815770268440247,-1.7814674377441406,-1.3264204263687134
1.04,0.006963714957237244,-0.014649901539087296,-0.014649901539087296,-0.737391471862793,-0.0006990780238993466,-0.0006912028766237199,0.004896640318658987,0.0026154973206635357,0.0026154972585593107,11.91035975698433,-4.265742378015444,-4.265742378015444,11.020408630371094,-3.3061225414276123,-3.3061225414276123,0.0,36.11111111111111,-184.0,0.0,32.23173940219143,-185.7827827227895,0.0,36.11111211253885,-184.00000230416813,-0.5177772045135498,-0.6619871854782104,-0.7287601232528687,0.35540950298309326,-1.9934158325195312,-1.7676540613174438
1.08,0.009121879935264587,-0.010336369276046753,-0.01674778386950493,-0.04601156339049339,0.07536434382200241,-0.0008003264083527029,0.0024942747783618475,0.0027891316751147118,0.002596533621243371,12.403381901833914,-4.3824522959027945,-4.3824522959027945,11.387755393981934,-3.6734695434570312,-3.3061225414276123,0.0,37.5,-184.0,0.7156415764169981,33.45201992052713,-185.56845693220694,0.0,37.500001036361795,-184.00000229135898,-0.0985865443944931,-0.5232484340667725,-0.8168185353279114,-0.8537181615829468,-1.2362096309661865,-1.896147608757019
1.12,0.011314943432807922,-0.012374915182590485,-0.01878632977604866,-0.09964510053396225,-0.0006008403724990785,-0.0009042280144058168,0.002356182675993945,0.002672174362624633,0.002590034185577319,12.898404711173644,-4.495675772702802,-4.495675772702802,11.755102157592773,-3.6734695434570312,-3.3061225414276123,0.0,38.888888888888886,-184.0,0.7166149654096555,34.33492318044197,-185.79580509245716,0.0,38.88888995984296,-184.0000022781467,0.042916569858789444,-0.6120337843894958,-0.8867326378822327,-0.08744289726018906,-1.1063106060028076,-1.5894029140472412
1.16,0.007131487131118774,-0.007939212024211884,-0.01435062289237976,-0.07417769730091095,0.009860754944384098,0.4458935856819153,0.0029746011540954043,0.0030832079637045052,0.002615362328590624,13.395364718780574,-4.605414951192703,-4.605414951192703,12.489795684814453,-4.040816307067871,-3.6734695434570312,0.0,40.27777777777778,-184.0,0.7157465345450366,36.771733250580795,-185.33660508991383,0.0,40.27777888297614,-184.00000226453784,-0.05214965343475342,-0.5079042911529541,-0.4841981828212738,-0.8280575275421143,-1.3043888807296753,-1.4031331539154053
1.2,0.009394362568855286,-0.009853847324848175,-0.016265258193016052,-0.0035055798944085836,-0.0006855596438981593,0.0007907655090093613,0.0023582051438180715,0.0028372182938811354,0.002599345491712978,13.894198429557996,-4.711672158907749,-4.711672158907749,12.85714340209961,-4.040816307067871,-3.6734695434570312,0.0,41.666666666666664,-184.0,0.7166744943947152,37.65953036806894,-185.549075971757,0.0,41.66666780575572,-184.0000022505394,0.0031048497185111046,-0.5290631651878357,-0.8287063241004944,0.23044249415397644,-1.0637080669403076,-1.5151557922363281
1.24,0.0052772462368011475,-0.011709131300449371,-0.01812054216861725,-0.10892690718173981,-0.0006993532879278064,-0.0006943547050468624,0.003549790743664194,0.002701985912127682,0.0025914533555383107,14.394842367458807,-4.814449901717382,-4.814449901717382,13.591836929321289,-4.040816307067871,-3.6734695434570312,0.0,43.05555555555556,-184.0,0.7184898008865782,39.44291191251855,-185.96314634077046,0.0,43.05555672817623,-184.00000223615822,-0.11158290505409241,-0.5884004235267639,-0.8572664260864258,-0.9170249104499817,-1.5568392276763916,-2.340803384780884
1.28,0.0076029300689697266,-0.013501584529876709,-0.019912995398044586,-0.8527044057846069,-0.0006754347123205662,-0.0006754179485142231,0.004942299158549778,0.0026371575416002224,0.0025885415547698336,14.89723312286779,-4.9137508572308715,-4.9137508572308715,13.959183692932129,-4.040816307067871,-3.6734695434570312,0.0,44.44444444444444,-184.0,0.7193769505800658,40.33848063191331,-186.16469491102436,0.0,44.444445650232446,-184.00000222140136,-0.8609368801116943,-0.6434473395347595,-0.8916366696357727,0.19592060148715973,-1.4792916774749756,-2.0577633380889893
1.32,0.009960055351257324,-0.008825026452541351,-0.015236437320709229,-0.053444501012563705,0.008373526856303215,0.03247867524623871,0.002386506212151172,0.0029547335389009674,0.002607952500533775,15.40130739936408,-5.009577868037077,-5.009577868037077,14.326530456542969,-4.408163070678711,-4.040816307067871,0.0,45.83333333333333,-184.0,0.7174739626146324,41.876791923847506,-185.4407237819426,0.0,45.83333457191957,-184.00000220627564,-0.07868044078350067,-0.535327672958374,-0.7798895239830017,-0.8125443458557129,-1.565007209777832,-1.8293991088867188
1.36,0.0059354305267333984,-0.010497055947780609,-0.016908466815948486,-0.5667113661766052,-0.0005994964740239084,-0.0005178810679353774,0.0047433081407866,0.002780136931290941,0.0025957370022836636,15.907002059787752,-5.101933934782608,-5.101933934782608,15.061224937438965,-4.408163070678711,-4.040816307067871,0.0,47.22222222222222,-184.0,0.7191700815306731,43.67431898258268,-185.81738543869582,0.0,47.22222349323305,-184.0000021907881,-0.4151240289211273,-0.5562833547592163,-0.8522567749023438,-0.12413555383682251,-1.06901216506958,-1.3569118976593018
1.4,0.014761567115783691,-0.012107990682125092,-0.01851940155029297,0.0013972108718007803,-0.0006072598043829203,-0.0006069833179935813,0.00201042961731667,0.0026831796257380035,0.002590543082906279,16.414254171537817,-5.190822209093098,-5.190822209093098,15.061224937438965,-4.408163070678711,-4.040816307067871,0.0,48.61111111111111,-184.0,0.7191700815306731,43.67431898258268,-185.81738543869582,0.0,48.61111241416859,-184.00000217494568,0.02125430293381214,-0.606793999671936,-0.8907507061958313,0.36967363953590393,-1.6886342763900757,-2.241793155670166
1.44,0.004381388425827026,-0.01365959644317627,-0.020071007311344147,-0.35097697377204895,-0.0005849961307831109,-0.0005849950248375535,0.0044237111758303645,0.0026334711636531536,0.0025883970602779,16.923001051032262,-5.2762459863421025,-5.2762459863421025,16.163265228271484,-4.408163070678711,-4.040816307067871,0.0,50.0,-184.0,0.7216091729424342,46.389451498379835,-186.3542319217575,0.0,50.00000133472221,-184.0000021587553,-0.2917158305644989,-0.6649468541145325,-0.9384188652038574,-0.7219145894050598,-1.4189037084579468,-1.5320053100585938
1.48,0.0132598876953125,-0.008738681674003601,-0.021561510860919952,0.5168997645378113,0.04718060791492462,-0.0006621926440857351,0.002314004024165722,0.00296268097075412,0.002587929051529968,16.923001051032262,-5.2762459863421025,-5.2762459863421025,16.163265228271484,-4.775510311126709,-4.040816307067871,-0.0,50.0,-184.0,1.4404194253334233,46.69793254156733,-185.87967887347367,0.0,50.00000133472221,-184.0000021587553,0.3076346516609192,-0.5089940428733826,-0.991395115852356,-0.4161916971206665,-1.4915052652359009,-2.312748908996582
1.52,0.00684848427772522,-0.008738681674003601,-0.021561510860919952,-0.09378941357135773,0.0001597446680534631,-2.2420599634642713e-06,0.003100647830265894,0.0029670035073037886,0.0025879288628642824,16.94641070099624,-2.0717196219911873,-7.210784685467542,16.530611038208008,-4.775510311126709,-4.040816307067871,-10.064926004433003,48.97649706262472,-185.33870967741936,1.441984821131166,47.60626401365405,-186.0491147659719,-10.064926295432254,48.97649836439596,-185.33871183506614,-0.027098655700683594,-0.5060542821884155,-0.9972450137138367,-0.5927771329879761,-1.472215175628662,-1.7981791496276855
1.56,0.007256865501403809,0.02154473587870598,-0.02326957881450653,-0.5319795608520508,-0.5586279630661011,0.703410804271698,0.004617862134520467,0.0047259888149665434,0.0025876833154146114,16.415310670689067,1.3076015945280586,-8.701293869212176,16.530611038208008,-3.3061225414276123,-5.877551078796387,-19.71779275566593,45.94789058101153,-186.67741935483872,-5.036185503815751,47.901420925277115,-185.50824976051788,-19.7177933185832,45.94789180030093,-186.67742150654593,-0.7109381556510925,-0.17010362446308136,-0.6021404266357422,0.5701771378517151,0.39785051345825195,-1.269331455230713
1.6,0.004398852586746216,0.03564475476741791,-0.017226651310920715,0.011034544557332993,-1.1480307579040527,0.6000823974609375,0.0035144759856456783,0.004998640553902439,0.0025928506381298925,15.36472082258052,4.721795795456593,-9.688495250932984,16.163265228271484,-0.7346938848495483,-7.714285373687744,-28.563410754739614,41.03817206036381,-188.01612903225805,-13.68764409276522,46.30800165538927,-185.7978830346277,-28.56341155823119,41.038173151186605,-188.01613117619993,-0.1232585683465004,-0.394072562456131,-0.5394564270973206,-0.41329705715179443,0.21237793564796448,-0.6916932463645935
1.64,-0.007526189088821411,0.05035388469696045,-0.02163371443748474,0.22481149435043335,-1.103871464729309,0.06878047436475754,0.0031115439625529267,0.004998640553902439,0.002587908635372143,13.846087757337703,8.028891677462951,-10.134767845918113,15.795919418334961,1.8367347717285156,-8.448980331420898,-36.239639361456,34.44834595378433,-189.3548387096774,-20.305975728130242,43.72828299642276,-187.31118070519136,-36.239640364877786,34.44834687507063,-189.35484084740733,-0.19668340682983398,-0.15952631831169128,-0.9876552224159241,-0.9858924150466919,0.853108286857605,-2.1357126235961914
1.68,-0.014796525239944458,0.050370953977108,-0.01660028100013733,0.5980578660964966,-1.1040425300598145,0.23860397934913635,0.002608194620615197,0.004998640553902439,0.0025965659718788286,11.929991363927133,11.097850958755014,-10.020881574987662,14.693878173828125,5.142857074737549,-9.183673858642578,-42.432212874737544,26.44820051634812,-190.69354838709677,-28.481627697892616,38.537515300461344,-188.84850154379586,-42.432214031040004,26.44820123290964,-190.69355052271663,-0.1656101644039154,-0.1475553959608078,-0.7571163177490234,-0.9321144223213196,-0.16059446334838867,-1.5779348611831665
1.72,-0.016181692481040955,0.052643805742263794,-0.014612361788749695,0.8065150380134583,-0.7864171266555786,0.001820723176933825,0.002596292033257199,0.004980176403481427,0.002616019918300378,9.707644493738394,13.818836824454419,-9.34366719483627,12.85714340209961,8.081632614135742,-9.183673858642578,-46.88760660735402,17.365262642241014,-192.03225806451613,-34.55639277347737,31.081515629081764,-190.3381719047936,-46.88760786545802,17.365263125677554,-192.0322602030171,-0.10812348872423172,0.05000047758221626,-0.8653594255447388,-0.9376869201660156,0.546133816242218,-1.8003708124160767
1.76,-0.016501426696777344,0.04884113371372223,-0.0027929991483688354,1.2125093936920166,-0.9970609545707703,0.005098099820315838,0.0025945281625827576,0.004998640553902439,0.004100749512403761,7.289502771087802,16.10852817647714,-8.115462722650118,10.653061866760254,11.020408630371094,-9.183673858642578,-49.42341621640557,7.571388875228835,-193.3709677419355,-40.620765574394675,22.592386252052805,-191.10687804883784,-49.423417523084495,7.571389105093812,-193.37096988732705,0.131766676902771,-0.12805038690567017,-0.5674987435340881,-0.8553117513656616,0.5597082376480103,-0.7715808153152466
1.8,-0.020236745476722717,0.04392404854297638,0.012231722474098206,0.9071479439735413,-1.1550322771072388,-0.013190005905926228,0.002587843463783113,0.004998640553902439,0.0020870892887892315,4.800028895070863,17.9103755636512,-6.365434072045864,8.448980331420898,13.591836929321289,-8.816326141357422,-49.93582535855264,-2.532458441935632,-194.70967741935485,-45.25235983921932,14.037294157791385,-191.72194630695353,-49.93582666015292,-2.5324584766411067,-194.7096795732227,-0.19834458827972412,-0.28505146503448486,-0.289335161447525,-0.5278236269950867,0.9549106359481812,0.18275785446166992
1.84,-0.018806815147399902,0.04331609606742859,0.010719671845436096,0.9714319109916687,-0.5296587347984314,-1.3605027198791504,0.00258904979253874,0.004658924668113337,0.004957790263258438,2.3690531850014525,19.19138800603038,-4.142161008286431,5.877551078796387,15.428570747375488,-6.9795918464660645,-48.40385594331021,-12.53262661293602,-196.0483870967742,-45.660649170559566,3.7371665624007955,-193.46556426055864,-48.40385718763457,-12.532626912217655,-196.04838925773944,-0.08766613900661469,0.06010044738650322,-1.5889146327972412,-0.09290416538715363,1.1684646606445312,-0.5476844906806946
1.88,-0.01635412871837616,0.027205288410186768,0.030287593603134155,1.206920862197876,-1.111325740814209,-0.4195249378681183,0.002595148877392296,0.004998640553902439,0.004313075485835412,0.12163208418505335,19.93763441104811,-1.5162301296317156,3.3061225414276123,17.632652282714844,-5.877551078796387,-44.89022697853708,-22.019707577881718,-197.38709677419354,-48.11277232364528,-6.252721252492082,-193.72123862345424,-44.89022811695655,-22.01970812968448,-197.3870989384351,0.10475780814886093,-0.49337083101272583,-0.261597603559494,-1.1718577146530151,1.1780071258544922,-0.2912260890007019
1.92,-0.017111919820308685,0.02740606665611267,0.03765145689249039,1.2138348817825317,-0.14220847189426422,-1.0195201635360718,0.0025923964941532126,0.003165170534583024,0.004998640553902439,-1.831033947656842,20.150310163762008,1.4188759322032274,1.1020407676696777,18.367347717285156,-3.6734695434570312,-39.538786846884925,-30.605299127383145,-198.7258064516129,-45.398746420139325,-14.971844077778105,-194.81928068616497,-39.53878783643194,-30.60529990752787,-198.72580861424166,0.05866134539246559,0.010876799933612347,-0.4022946357727051,-0.7397097945213318,1.164085865020752,0.10509421676397324
1.96,-0.019134150817990303,0.011884152889251709,0.04399871826171875,0.757111132144928,-0.4856652319431305,-1.115909457206726,0.0025888037647270263,0.004132098129227102,0.004998640553902439,-3.3976250655741933,19.843477867998725,4.549254063166903,-0.7346938848495483,19.46938705444336,-1.1020407676696777,-32.56862413611111,-37.93790613463955,-200.06451612903226,-42.86227155339793,-23.875385455584336,-196.60289742352413,-32.56862494115453,-37.93790710799657,-200.0645182857905,-0.2958352267742157,-0.3114188611507416,-0.3960393965244293,-0.7654275894165039,0.5817268490791321,0.354522705078125
2.0,-0.01441941037774086,0.006529480218887329,0.04734319448471069,0.6339638829231262,-0.004296276718378067,-1.4126298427581787,0.0026122013908119078,0.0029514853709122595,0.004998640553902439,-4.509059462790818,19.04383146316589,7.7472394283460915,-2.5714285373687744,19.46938705444336,1.8367347717285156,-24.26509812655405,-43.717330807229104,-201.40322580645162,-37.035998681004045,-31.892941340677353,-197.85766812936578,-24.26509871976842,-43.71733192992601,-201.4032279551009,-0.2566125988960266,-0.17155838012695312,-0.49873900413513184,-0.48439326882362366,0.36455976963043213,0.18355555832386017
2.04,-0.014584504067897797,-0.0010164976119995117,0.051865771412849426,0.2503497004508972,0.1606231927871704,-1.3827751874923706,0.0026142042067688023,0.0042486775214322925,0.004998640553902439,-5.117937939749441,17.792183492275473,10.881522913645703,-3.6734695434570312,19.102041244506836,4.775510311126709,-14.968156148667902,-47.70696282000244,-202.74193548387098,-30.390883938972525,-37.840911623717304,-199.52112982360038,-14.968156511304,-47.70696404214925,-202.7419376247799,-0.5043864846229553,-0.19427695870399475,-0.3885219991207123,-1.1892448663711548,0.03157598525285721,0.08784458041191101
2.08,-0.012387245893478394,-0.01644963026046753,0.048866912722587585,0.1704443395137787,0.22091557085514069,-1.6239800453186035,0.0026675128744235647,0.0025974377248071455,0.004998640553902439,-5.1965517370208145,16.145820959469717,13.828449135605824,-4.408163070678711,18.734695434570312,8.081632614135742,-5.058416099371614,-49.74346616959476,-204.0806451612903,-22.910368698215112,-43.544953211213475,-201.7448566648682,-5.0584162211115995,-49.743467437990894,-204.08064729706786,-0.47247689962387085,-0.42206457257270813,-0.7882997989654541,-1.16411554813385,-0.7793468236923218,0.12772025167942047
2.12,-0.013760820031166077,-0.019539088010787964,0.04900868237018585,7.695861859247088e-05,0.38346391916275024,-1.1867536306381226,0.0026312347285344234,0.0025886901100631013,0.004998640553902439,-4.7349263829926675,14.180433204893431,16.48159680052191,-4.408163070678711,17.26530647277832,11.020408630371094,5.058416099371602,-49.74346616959476,-205.41935483870967,-13.566681703864536,-45.65172352641899,-203.74253729578808,5.058416220608108,-49.74346743012905,-205.41935697308665,-0.6151204109191895,-0.5699669718742371,-0.29883623123168945,-1.612801432609558,0.048430077731609344,0.13935256004333496
2.16,-0.005702637135982513,-0.015373289585113525,0.04402446746826172,0.0034335844684392214,0.6614333391189575,-0.9642683863639832,0.002979983520278312,0.0026023021194490964,0.004998640553902439,-3.739906463975168,11.990139297888026,18.75748987862911,-4.408163070678711,15.061224937438965,13.959183692932129,14.968156148667887,-47.706962820002445,-206.75806451612902,-2.406330054080994,-46.71253733531965,-204.74903137902655,14.968156506731518,-47.70696401977221,-206.75806665252486,-0.4201856255531311,-0.2788362503051758,-0.25640830397605896,-1.3726155757904053,-0.23930171132087708,-0.3058469891548157
2.2,0.005251981317996979,-0.008721336722373962,0.038866519927978516,-0.03142252564430237,1.016901969909668,-0.8236172199249268,0.0033577950018672045,0.0028654657037583313,0.004992960785617425,-2.235637985467809,9.684471310182719,20.596913316477227,-4.040816307067871,12.489795684814453,16.530611038208008,24.26509812655404,-43.71733080722911,-208.09677419354838,8.841690974891977,-45.91328053392767,-205.20624540917743,24.265098706893365,-43.717331896580205,-208.096776333825,-0.19169986248016357,0.10099495202302933,-0.28047993779182434,-0.5610285997390747,0.8409395217895508,-0.17567652463912964
2.24,0.012272730469703674,-0.010493174195289612,0.03250163793563843,-0.4117298424243927,0.9164174199104309,-0.9318546056747437,0.0037208785121033705,0.0027244078581109927,0.004998640553902439,-0.2651349697802034,7.382100992436891,21.962833856707654,-2.9387755393981934,10.285714149475098,18.734695434570312,32.568624136111104,-37.937906134639555,-209.43548387096774,18.59561834206171,-43.48850852033116,-206.43915347060317,32.568624915647824,-37.93790706927181,-209.43548601478076,-0.263719767332077,-0.009630567394196987,-0.42887040972709656,-0.9326656460762024,0.5544508099555969,0.14766332507133484
2.28,0.014607371762394905,-0.012209147214889526,0.030695408582687378,-0.6435499787330627,0.5437499284744263,-0.4894009232521057,0.004691890297347511,0.0026628258115601634,0.004548961306530591,2.107996036567394,5.202341717491665,22.83667578954966,-1.1020407676696777,8.081632614135742,20.204082489013672,39.53878684688493,-30.605299127383134,-210.7741935483871,26.82990493655222,-38.34122795323654,-207.95784171489268,39.538787794262944,-30.60529987044348,-210.77419569333654,-0.34400174021720886,-0.29838743805885315,-0.19788645207881927,-1.2222386598587036,0.3229524493217468,-0.2703738212585449
2.32,0.017557300627231598,-0.005373939871788025,0.02030220627784729,-1.0845969915390015,1.1197012662887573,-0.8761773705482483,0.004979055785349739,0.0032727487249740164,0.00499434493104871,4.799036371624525,3.2563779656583094,23.21463326443068,1.1020407676696777,5.510204315185547,21.67346954345703,44.890226978537086,-22.01970757788171,-212.11290322580646,35.91159883834125,-31.739901514028166,-209.07600032955676,44.89022805501005,-22.019708101742673,-212.11290536831197,-0.583270788192749,0.2743438482284546,-0.556289792060852,-1.0754125118255615,0.47327953577041626,-0.18016189336776733
2.36,0.019644208252429962,-0.007279235869646072,0.02048635482788086,-1.4397133588790894,0.5594672560691833,-0.04369046539068222,0.004990796947361951,0.003086588259013834,0.002707057347196287,7.704241968549939,1.6402187071901086,23.105170237632095,3.6734695434570312,3.6734695434570312,22.040817260742188,48.40385594331021,-12.532626612936024,-213.4516129032258,40.96788959250679,-23.652822084364665,-210.54741303943692,48.40385710432829,-12.532626900301063,-213.4516150397878,-0.9653915762901306,-0.14563411474227905,-0.11734224110841751,-1.1023019552230835,0.8705873489379883,0.2095654457807541
2.4,0.025469623506069183,-0.009841589257121086,0.012165576219558716,-1.2663260698318481,0.27699294686317444,-0.023468658328056335,0.004998640553902439,0.002818898696768552,0.0021102391424036512,10.706353684437484,0.4305323075002281,22.52822237301861,6.244897842407227,2.2040815353393555,22.40816307067871,49.93582535855264,-2.532458441935633,-214.79032258064515,45.28285437469067,-15.932342458602124,-212.08455284377968,49.93582655587083,-2.53245848608058,-214.7903247090112,-0.538293719291687,-0.39291152358055115,-0.06678424030542374,-0.8828126192092896,0.050403863191604614,0.16852445900440216
2.44,0.02657659351825714,-0.005309185013175011,0.002095043659210205,-1.5621366500854492,0.5513820052146912,-0.004410834982991219,0.004998640553902439,0.003300795890127969,0.004100751440186867,13.683166615000156,-0.31666403326856596,21.51604044190462,9.183673858642578,0.7346938848495483,22.40816307067871,49.42341621640557,7.571388875228833,-216.1290322580645,48.74067834382299,-6.648810094876006,-213.448700636973,49.42341740039225,7.571389070974364,-216.12903437787733,-0.683859646320343,-0.10302245616912842,-0.31824490427970886,-1.0206470489501953,0.055332645773887634,-0.3172423243522644
2.48,0.02724023163318634,-0.0055274576880037785,-0.009159773588180542,-1.5121912956237793,0.3520984649658203,0.023452341556549072,0.004998640553902439,0.0031518142310105112,0.0029112389044716877,16.517481677844238,-0.5653902002473625,20.115119085885265,12.12244987487793,0.0,22.040817260742188,46.88760660735402,17.365262642241014,-217.46774193548387,49.83077276834322,2.3564145707547715,-215.3563194998008,46.88760772920564,17.365263065447746,-217.46774404821323,-0.6382004022598267,-0.21700970828533173,-0.5255963206291199,-0.6223998069763184,-0.0721069723367691,-0.8424034118652344
2.52,0.025416791439056396,-0.009868091903626919,-0.014375865459442139,-1.2930092811584473,-0.0003716132487170398,0.7988625168800354,0.004998640553902439,0.0028358012470664946,0.0026107135389249994,19.106057572804612,-0.29841189458372674,18.388234114382744,15.061224937438965,0.0,20.93877601623535,42.432212874737544,26.44820051634812,-218.80645161290323,47.615426671886745,11.645293167706633,-217.684974202084,42.432213888461135,26.44820114653097,-218.80645372114623,-0.5100314021110535,-0.518355131149292,-0.22436335682868958,-1.46727454662323,-1.5877506732940674,-1.3771719932556152
2.56,0.01930508017539978,-0.005208062473684549,-0.018870264291763306,-1.7290090322494507,0.0013227472081780434,0.3781430125236511,0.0049889035336216124,0.0033130703234940384,0.0025895296686418772,21.365548269971764,0.48368329322580994,16.41534880919797,18.0,0.0,19.46938705444336,36.239639361456,34.448345953784326,-220.14516129032256,44.3873384909092,21.62871772830788,-219.30533754630392,36.23964022564761,34.44834676335252,-220.14516339676788,-1.1071343421936035,-0.39913278818130493,-0.6538711190223694,-0.9152520895004272,-1.008225679397583,-0.5114814639091492
2.6,0.020270556211471558,0.008442157879471779,-0.014835387468338013,-1.4820027351379395,0.0038913812022656202,0.5266807675361633,0.004994179163469992,0.0025053604990216026,0.0026084650744977638,23.234630276352906,1.7624977512015216,14.292226246919443,20.204082489013672,0.0,17.26530647277832,28.56341075473962,41.03817206036381,-221.48387096774195,39.19247672320548,30.622875877229006,-219.2223694629396,28.563411434256402,41.0381730155076,-221.4838730741722,-0.9762498736381531,-0.10205058753490448,-0.45660728216171265,-0.8599230647087097,-0.25367146730422974,-0.6676306128501892
2.64,0.027246862649917603,0.005115773528814316,-0.013422012329101562,-0.403793603181839,-1.1907868385314941,0.4646422863006592,0.004252937463516558,0.004902800295961844,0.002631365241415905,24.672869282030717,3.500981383903185,12.126152144108088,21.67346954345703,1.4693877696990967,15.061224937438965,19.717792755665936,45.94789058101153,-222.82258064516128,30.943651089809553,35.922950696373846,-220.76907519160287,19.717793223230164,45.94789164268712,-222.82258275182383,-0.0028030485846102238,-1.4065775871276855,-0.44499608874320984,-0.3013782501220703,0.06390081346035004,0.368739515542984
2.68,0.013881444931030273,0.02263549342751503,-0.012757360935211182,-0.9719966053962708,-0.18930736184120178,0.92861008644104,0.00496385898356557,0.003343607255151328,0.002636895839929199,25.657701315925028,5.64237176532368,10.029144431402703,23.87755012512207,2.2040815353393555,12.85714340209961,10.064926004433014,48.97649706262472,-224.16129032258064,24.208773379890417,44.132743901794434,-221.0327384547578,10.064926242058748,48.97649818780421,-224.16129242812394,-0.5264008641242981,-0.07792947441339493,-0.1596466302871704,-0.9941233396530151,-0.1191287487745285,-0.6046984195709229
2.72,0.018246620893478394,0.021541491150856018,-0.010890170931816101,-0.11498017609119415,-0.7821581959724426,1.2074313163757324,0.0025258134756144072,0.004978415482164844,0.002702990664099094,26.181032382006634,8.109987756862653,8.109987756862662,24.612245559692383,4.408163070678711,10.653061866760254,1.2246467991473532e-14,50.0,-225.5,14.245020778233753,46.4925876387159,-222.44622332490982,1.2033874066735997e-14,50.00000114325184,-225.5000021019788,-0.0370294451713562,-0.32264065742492676,0.06804222613573074,-0.149847149848938,-0.48272383213043213,-0.3884342312812805
2.76,0.008145689964294434,0.026140742003917694,-0.01873914897441864,-0.5508467555046082,-1.1722067594528198,0.3848365843296051,0.00461220935155772,0.004998640553902439,0.002589724768297286,26.24660909502345,10.809060086860155,6.466856337413449,25.71428680419922,6.612245082855225,9.183673858642578,-10.06492600443299,48.97649706262473,-226.83870967741936,5.90714740732358,49.04779966966621,-224.54552391042895,-10.064926239113188,48.976498177952365,-226.83871177316854,-0.3336838185787201,-0.5262704491615295,-0.6698370575904846,-0.3819195330142975,0.4183684289455414,-0.8174772262573242
2.8,0.002879202365875244,0.028369039297103882,-0.015359580516815186,-0.010589628480374813,-1.452453851699829,1.0171570777893066,0.003947275733897504,0.004998640553902439,0.0026007669801580767,25.868788275619313,13.631391701024409,5.181935144702023,26.081632614135742,9.183673858642578,7.3469390869140625,-19.717792755665915,45.947890581011535,-228.17741935483872,-4.24017203410228,49.351575118268315,-225.8631761533707,-19.717793211894122,45.94789162377691,-228.17742144237747,-0.1936410814523697,-0.9241436123847961,0.26820996403694153,-0.9439594149589539,0.22828781604766846,-1.9024101495742798
2.84,-0.003714650869369507,0.03274758160114288,-0.018552809953689575,-0.0029629175551235676,-1.5921587944030762,0.23188070952892303,0.003938727462643641,0.004998640553902439,0.002590223017014586,25.072824513772424,16.462731340336575,4.318557792877297,26.081632614135742,11.755102157592773,6.244897842407227,-28.5634107547396,41.03817206036383,-229.51612903225805,-12.818895251973064,47.63616496262257,-227.66353563593734,-28.563411410302116,41.03817298911062,-229.5161311108858,-0.24739643931388855,-0.8698374032974243,-0.7709249258041382,-1.0418893098831177,0.5572883486747742,-1.326364278793335
2.88,-0.011196047067642212,0.03728318214416504,-0.014385998249053955,0.013010065071284771,-1.2032936811447144,0.6344534158706665,0.002730352498129328,0.004998640553902439,0.002612620231260636,23.896348734382826,19.19163361210924,3.92046367885541,25.71428680419922,14.326530456542969,5.142857074737549,-36.239639361455986,34.44834595378434,-230.8548387096774,-21.500066843661333,44.6909104109106,-228.87185233392822,-36.239640186537805,34.44834673184497,-230.8548407800643,-0.4144221544265747,-0.3628576397895813,-0.4004674255847931,-1.2095791101455688,0.6216297745704651,-1.6402920484542847
2.92,-0.012495607137680054,0.04003158211708069,-0.014922745525836945,0.579271137714386,-0.8466437458992004,0.37607669830322266,0.0026524111948642544,0.004998640553902439,0.0026088707429327822,22.391320623732398,21.717845639575888,4.012243839636033,24.612245559692383,16.897960662841797,4.775510311126709,-42.43221287473754,26.44820051634814,-232.19354838709677,-28.642309232585426,38.592955229934454,-230.51009495497027,-42.432213833494316,26.448201113210228,-232.19355045088503,-0.1674942523241043,-0.11460527777671814,-0.6052171587944031,-0.9708730578422546,0.4438386559486389,-1.7064471244812012
2.96,-0.013117164373397827,0.0392422080039978,-0.01332227885723114,0.5876257419586182,-0.7477222084999084,0.002204305725172162,0.0026356526773993762,0.004961467541851237,0.002641619154570757,20.625440978679805,23.95836236159906,4.600000391608106,23.142858505249023,19.46938705444336,4.775510311126709,-46.887606607354016,17.365262642241035,-233.53225806451613,-35.07470819673814,30.835981214385896,-232.12339265285544,-46.88760765942921,17.36526303470163,-233.53226012362092,-0.18320253491401672,-0.06124645471572876,-0.8158248066902161,-0.7602033019065857,0.6540281772613525,-1.9498801231384277
3.0,-0.018292248249053955,0.03346812725067139,-0.00947464257478714,0.42522135376930237,-1.20732843875885,-0.1607677936553955,0.0025904722985341166,0.004998640553902439,0.0028873469209908433,18.6819325723832,25.85018696503498,5.671566391141009,21.67346954345703,22.040817260742188,5.142857074737549,-49.42341621640556,7.571388875228859,-234.8709677419355,-40.820200502244155,22.49961092041104,-233.9400526278797,-49.42341731841188,7.571389048356713,-234.87096979781262,-0.44640785455703735,-0.3848128914833069,-0.7929599285125732,-0.8817319273948669,0.7203261852264404,-1.7670992612838745
3.04,-0.013744264841079712,0.03442922234535217,0.009228304028511047,0.8178665637969971,-0.6188372373580933,0.007578019984066486,0.0026190875264632983,0.004835100886661501,0.002362926565718218,16.656895630870522,27.349997803595997,7.19613817033026,19.46938705444336,23.87755012512207,5.142857074737549,-49.93582535855264,-2.532458441935609,-236.20967741935482,-45.40031054775762,13.43181138582405,-233.3428594023765,-49.935826465615534,-2.532458494057198,-236.20967947248008,-0.11787007749080658,-0.09064451605081558,-0.22835154831409454,-0.4524332284927368,0.7532102465629578,0.13872122764587402
3.08,-0.01061868667602539,0.028548598289489746,0.01660161465406418,1.4071000814437866,-0.6353855133056641,-0.18276140093803406,0.0027172935782968357,0.004858599935216254,0.002591818418469228,14.654146991811503,28.431773715603686,9.123707382544039,17.26530647277832,25.71428680419922,6.244897842407227,-48.40385594331021,-12.532626612936044,-237.5483870967742,-47.64964782715044,2.9633358058650643,-234.24015558765524,-48.403857010740154,-12.532626886777035,-237.54838914649443,0.7795024514198303,-0.21711382269859314,-0.1205095425248146,-0.9071126580238342,0.1427735686302185,-0.2728722095489502
3.12,-0.013517051935195923,0.021783947944641113,0.011776089668273926,1.1618008613586426,-0.9719480276107788,-0.8516885638237,0.002621701072232569,0.004998640553902439,0.00495974265521574,12.77833105003254,29.083704130962634,11.385111452287845,15.428570747375488,27.183673858642578,8.448980331420898,-44.89022697853709,-22.01970757788169,-238.88709677419354,-46.605851062647154,-7.480895479465105,-236.73157553091292,-44.890227963595,-22.019708060471608,-238.88709881898436,0.5311427116394043,-0.4982987344264984,-0.7240990996360779,-0.9821046590805054,1.2201480865478516,-0.5537283420562744
3.16,-0.01419888436794281,0.020338892936706543,0.025599315762519836,1.1356838941574097,-0.4236433207988739,-0.49947500228881836,0.0026118225429921007,0.004217386612891906,0.004578320160017874,11.127716779715376,29.30551074460525,13.89369428016753,13.591836929321289,27.918367385864258,9.918368339538574,-39.53878684688492,-30.60529912738315,-240.2258064516129,-45.090072279429755,-15.810135335571092,-237.11048702782503,-39.538787710512665,-30.60529979686685,-240.22580848963474,0.08728111535310745,-0.186392679810524,-0.3246113359928131,-0.985195517539978,0.5363593101501465,-0.3112947940826416
3.2,-0.010950237512588501,0.017798632383346558,0.030914142727851868,1.1996608972549438,-0.11426746100187302,-0.9322360157966614,0.002700018193154959,0.002468021592215112,0.004998640553902439,9.788122924079953,29.106885546045785,16.54932769610454,11.755102157592773,28.285715103149414,12.12244987487793,-32.56862413611113,-37.93790613463952,-241.56451612903226,-40.87809306514249,-24.626302613403862,-238.0574120387079,-32.5686248444734,-37.93790696139656,-241.5645181587653,0.6299543976783752,-0.06734204292297363,-0.4838221073150635,-1.1642986536026,1.2664135694503784,-0.32921871542930603
3.24,-0.015096426010131836,0.007920980453491211,0.038794636726379395,0.2973712384700775,-0.025674548000097275,-0.794837474822998,0.002607628923503226,0.0026717757749924126,0.0049834648742494575,8.828849778503123,28.507300577783056,19.24484744004178,10.653061866760254,28.653060913085938,14.326530456542969,-24.265098126554044,-43.71733080722911,-242.90322580645162,-36.66982962640024,-31.49080416613429,-239.72961169991476,-24.265098652293776,-43.7173317554395,-242.90322782716257,-0.5299274325370789,-0.01067263912409544,-0.24590854346752167,-0.9807775616645813,0.25953149795532227,0.21309605240821838
3.28,-0.012605130672454834,0.0038673877716064453,0.03454869985580444,0.20270739495754242,0.05333326384425163,-1.5979150533676147,0.0026590417316792294,0.0036018060959536217,0.004998640553902439,8.300686654011697,27.53704111623567,21.874018730928498,9.551020622253418,28.285715103149414,17.26530647277832,-14.968156148667934,-47.70696282000243,-244.24193548387098,-28.567608620653214,-38.36228907756586,-241.61046006432395,-14.968156471866829,-47.706963849448854,-244.24193749574798,-0.48517048358917236,-0.07097462564706802,-0.972480297088623,-1.2239395380020142,0.2575938105583191,-0.2284848392009735
3.32,-0.008999377489089966,-0.0066561102867126465,0.03555697202682495,0.23531843721866608,0.04571523889899254,-1.447763442993164,0.0029113760230680564,0.0029994832701683277,0.004998640553902439,8.235422327420148,26.238955885524522,24.339419424184243,8.816326141357422,27.918367385864258,19.83673667907715,-5.0584160993716045,-49.74346616959476,-245.5806451612903,-21.18553715761629,-43.740635905952885,-243.1990682053061,-5.058416208258208,-49.74346723749705,-245.58064716523248,-0.34838828444480896,-0.34121838212013245,-0.8717292547225952,-0.8958895802497864,-0.26406073570251465,-0.13170169293880463
3.36,-0.01013907790184021,-0.01648765802383423,0.0337064266204834,0.00043493928387761116,0.09983043372631073,-1.4478880167007446,0.0028103489583034954,0.00259764549711906,0.004998640553902439,8.646037867300002,24.67011605826358,26.558544753326572,8.816326141357422,27.183673858642578,22.40816307067871,5.058416099371567,-49.74346616959476,-246.91935483870967,-12.672140747109971,-46.66432679585762,-245.50076868370448,5.058416207941874,-49.74346723235675,-246.9193568358926,-0.5059493780136108,-0.5747492909431458,-0.6408331394195557,-1.3437918424606323,-0.9563261866569519,0.485831618309021
3.4,-0.0029727518558502197,-0.011813104152679443,0.033968567848205566,0.0031507443636655807,0.641472339630127,-0.9268940091133118,0.004071990680568446,0.0026738481057135624,0.004998640553902439,9.526898555601122,22.90240858792926,28.467071097093566,8.816326141357422,25.346939086914062,24.612245559692383,14.9681561486679,-47.70696282000244,-248.25806451612902,-1.9552568464628788,-47.243354540578636,-246.1764341209407,14.968156468993344,-47.70696383485262,-248.258066507526,-0.3649652600288391,-0.16732195019721985,-0.36867818236351013,-0.8286656737327576,-0.3017652928829193,0.24874219298362732
3.44,0.00599043071269989,-0.010608196258544922,0.02881142497062683,-0.04350468888878822,0.4335101246833801,-1.3148956298828125,0.003183539394090591,0.0027473237101658804,0.004998640553902439,10.853646758145082,21.02119427271579,30.019209421694363,9.183673858642578,23.510204315185547,26.816326141357422,24.26509812655401,-43.717330807229125,-249.59677419354838,8.83030822112752,-46.891683505179834,-247.01906763276347,24.26509864419717,-43.71733173378546,-249.5967761795738,-0.17559127509593964,-0.26550939679145813,-0.8979392051696777,-0.5239161252975464,0.47316643595695496,0.05414411425590515
3.48,0.009911462664604187,-0.011384248733520508,0.030255049467086792,-0.44563955068588257,0.49017462134361267,-0.6345847845077515,0.004086805196119472,0.0026993064190969883,0.004857521568147833,12.58297299514708,19.121626423162095,31.185921135613924,10.285714149475098,21.67346954345703,28.285715103149414,32.568624136111104,-37.93790613463955,-250.93548387096774,17.69531797497885,-43.430920729770065,-248.18522328333734,32.56862482840401,-37.93790693640828,-250.9354858513462,-0.31757837533950806,-0.2923505902290344,-0.2633505165576935,-1.0891913175582886,0.6077970266342163,0.3546063303947449
3.52,0.008038118481636047,-0.012481480836868286,0.024972140789031982,-1.3495160341262817,0.4208752512931824,-0.47949153184890747,0.004946035836130402,0.00265742377144955,0.004518893875406695,14.652863720787863,17.30295994673108,31.9521500982161,12.12244987487793,19.83673667907715,29.755102157592773,39.538786846884896,-30.60529912738318,-252.27419354838707,26.654712293087435,-37.96957295541559,-250.2223765701384,39.538787683856285,-30.60529977314483,-252.27419552227636,-1.1679553985595703,-0.3116946518421173,-0.21101221442222595,-1.156280517578125,-0.02719307690858841,-0.22128048539161682
3.56,0.01851905882358551,-0.005753517150878906,0.019112348556518555,-0.42982959747314453,0.9238424301147461,-0.6568543314933777,0.0040228709133994164,0.003141401872276157,0.004820775845645215,16.984144282095514,15.661875702081295,32.314153702292074,13.591836929321289,17.632652282714844,30.857141494750977,44.89022697853708,-22.019707577881718,-253.61290322580646,35.433973248401216,-32.257411510590195,-250.41597172442846,44.89022792423995,-22.01970804286552,-253.612905192117,-0.22718442976474762,0.1570766717195511,-0.44068118929862976,-1.0506359338760376,0.8379198908805847,0.15011942386627197
3.6,0.014326274394989014,-0.002339094877243042,0.01901906728744507,-1.030577301979065,1.160231351852417,-0.03850385919213295,0.0049650801528084085,0.004013759161479947,0.002426062971630568,19.48401174977032,14.286142401294937,32.27768790057632,16.163265228271484,15.795919418334961,31.224491119384766,48.403855943310205,-12.532626612936076,-254.9516129032258,41.296483705357176,-22.764365388097662,-251.99345564821039,48.40385695748156,-12.532626879693792,-254.95161486100542,-0.650749146938324,0.756626546382904,-0.16126593947410583,-1.3525782823562622,0.3373512029647827,0.2009097784757614
3.64,0.019489258527755737,-0.00711706280708313,0.01197052001953125,-1.1077678203582764,0.41722673177719116,-0.08645118027925491,0.004989935941574378,0.0031059420947459676,0.002267173630411945,22.051725866423457,13.24968718020039,31.857406475314807,18.367347717285156,14.693878173828125,31.591838836669922,49.93582535855264,-2.5324584419356455,-256.2903225806451,45.29329379486762,-15.300108311707927,-253.68936508881652,49.93582639849112,-2.5324585008869587,-256.2903245293707,-0.5742364525794983,-0.2124057412147522,-0.04739811271429062,-0.7633607387542725,0.5701495409011841,0.2229062020778656
3.68,0.025835633277893066,-0.012382835149765015,0.00463491678237915,-0.9196324348449707,0.10975585877895355,-0.003554112045094371,0.004998640553902439,0.0026692229049385396,0.0034739033553666896,24.585835292801008,12.609516569468724,31.07746753262347,20.571428298950195,13.959183692932129,31.591838836669922,49.42341621640558,7.571388875228778,-257.6290322580645,47.321062767883404,-7.636505131040119,-255.47822893364716,49.42341723893087,7.571389025531225,-257.62903419773073,-0.33694326877593994,-0.5325165390968323,-0.20044291019439697,-0.6785774827003479,-0.7898058891296387,0.1893637627363205
3.72,0.02518409490585327,-0.00432218611240387,-0.008976876735687256,-0.8449735045433044,0.14967234432697296,-0.00576913682743907,0.004998511698835513,0.003774793412615189,0.0029362658191072234,26.991615919003348,12.404273683303941,29.973012310554374,23.142858505249023,12.85714340209961,31.591838836669922,46.88760660735403,17.365262642241003,-258.9677419354839,50.199002559588784,1.8475537431301248,-256.75214156736064,46.88760757071559,17.36526299505849,-258.96774386647843,-0.2968687117099762,-0.2972075343132019,-0.5724999308586121,-1.025921106338501,0.09081222116947174,-0.7260607481002808
3.76,0.0222933292388916,-0.007903605699539185,-0.021842658519744873,-1.3535974025726318,-0.001141245593316853,0.03301282227039337,0.004998640553902439,0.0030897646083495184,0.0025879192916279663,29.18718370845649,12.653824496864777,28.591889761899882,25.71428680419922,12.85714340209961,31.224491119384766,42.43221287473758,26.448200516348074,-260.30645161290323,49.37642899561455,10.552035025222093,-259.430580131047,42.43221374036805,26.44820105689429,-260.3064535357551,-0.8377591967582703,-0.35313111543655396,-0.8896932005882263,-0.6059646606445312,-0.988046407699585,-2.0176119804382324
3.8,0.015733927488327026,-0.0035490095615386963,-0.0203016996383667,-1.5500398874282837,0.0019018506864085793,0.2619686722755432,0.004970114706733999,0.00396959425935701,0.002588102794560801,31.107167126331206,13.359230512725812,26.99578820275603,28.285715103149414,12.85714340209961,29.755102157592773,36.239639361456014,34.44834595378431,-261.64516129032256,45.270043652151415,21.312162822185947,-260.89307507312293,36.23964009549331,34.448346659612156,-261.6451632054452,-1.0444815158843994,-0.2919617295265198,-0.7709001302719116,-0.7023991346359253,-0.4657851457595825,-1.0925284624099731
3.84,0.02359861135482788,0.008762538433074951,-0.016101837158203125,-0.3689921796321869,0.005397442728281021,0.4946766793727875,0.004112597254992033,0.0024443080019130206,0.002598281780791927,32.70365800985948,14.5027166646182,25.259908222304603,29.755102157592773,12.85714340209961,27.918367385864258,28.563410754739664,41.038172060363785,-262.98387096774195,40.03963414498957,29.134119403733855,-260.54959947224404,28.563411329269332,41.03817290208497,-262.98387287526685,-0.05742424353957176,-0.09781273454427719,-0.555236279964447,-0.8210396766662598,-0.1245911568403244,-0.9725502133369446
3.88,0.019405663013458252,0.009486138820648193,-0.014341950416564941,-0.47966668009757996,-0.22662819921970367,0.40794938802719116,0.0043392901644611105,0.003061395676096268,0.0026159317214340646,33.94497167002852,16.047642503342797,23.470579850984805,31.591838836669922,13.959183692932129,26.081632614135742,19.717792755665947,45.94789058101153,-264.3225806451613,32.20231557354757,36.70875005480083,-262.15452157761507,19.71779314965241,45.947891523396535,-264.3225825449036,-0.13726432621479034,-0.12789414823055267,-0.5840198993682861,-0.33266958594322205,-0.031507790088653564,-0.08892863243818283
3.92,0.015424787998199463,0.010804086923599243,-0.013514071702957153,-0.4957016110420227,-0.709785521030426,0.9273586273193359,0.004141189119509585,0.004846696991964062,0.0026217512773005205,34.81320475698164,17.938883680702073,21.72079296866429,33.061222076416016,15.428570747375488,24.24489974975586,10.064926004433069,48.976497062624716,-265.6612903225806,23.426522708244466,42.5657520062371,-263.6782348232249,10.064926204324259,48.97649806605486,-265.6612922141296,-0.23391690850257874,-0.46544507145881653,-0.1512492299079895,-0.6225034594535828,-0.19471120834350586,-1.18599534034729
3.96,0.011343538761138916,0.018167823553085327,-0.011996746063232422,-0.38089457154273987,-0.5530269145965576,1.2918529510498047,0.003616163369422014,0.004517252914779423,0.0026579777299066895,35.301618102210305,20.10428338439873,20.10428338439873,34.163265228271484,16.897960662841797,22.40816307067871,2.4492935982947064e-14,50.0,-267.0,14.628975215097979,47.12021538302394,-264.508347993543,0.0,50.00000102218139,-267.00000188288845,-0.30557435750961304,-0.3365161716938019,0.574471116065979,-0.5388733148574829,-0.35556870698928833,-1.0203620195388794
4.0,0.013456284999847412,0.023904114961624146,-0.014564365148544312,-0.09863446652889252,-0.6077870726585388,0.5455412864685059,0.0022319280678770766,0.0048179381496392636,0.002611409699063238,35.41262994469699,22.457802753338797,18.70928138467324,34.53061294555664,18.734695434570312,20.93877601623535,-10.064926004432936,48.97649706262474,-268.33870967741933,5.868773860813762,48.01186829570875,-265.68481098440793,-10.064926202408543,48.97649806045484,-268.3387115512981,0.006985716987401247,-0.18631935119628906,-0.5155284404754639,0.1390734314918518,0.09154649078845978,0.013402547687292099
4.04,0.002570807933807373,0.026511967182159424,-0.013266056776046753,-0.07554219663143158,-0.8251298069953918,0.5843232870101929,0.0041123655305343445,0.004993392467862703,0.0026323807866428144,35.15686155683235,24.904611916550913,17.613046548207237,35.26530456542969,20.93877601623535,19.46938705444336,-19.717792755665904,45.94789058101154,-269.6774193548387,-3.929014755577307,49.581866939340415,-267.2614499391251,-19.717793142301666,45.9478915125036,-269.6774212195751,-0.18354292213916779,-0.27212095260620117,-0.4357958436012268,-0.6625571250915527,0.1794334053993225,-0.0629223957657814
4.08,-0.0018920302391052246,0.024336785078048706,-0.0195772647857666,-0.0021868031471967697,-1.284714937210083,0.1334850788116455,0.004225058240590047,0.004998640553902439,0.002588815682950502,34.55334159983446,27.34770085809911,16.877898478617265,35.26530456542969,23.510204315185547,18.734695434570312,-28.56341075473963,41.038172060363806,-271.01612903225805,-12.90430016720622,46.87558849574449,-269.80505993664036,-28.563411313818822,41.03817288655355,-271.01613088790896,-0.19934044778347015,-0.5376753211021423,-0.9024277329444885,-0.9527917504310608,0.7179965972900391,-1.815117359161377
4.12,-0.006015479564666748,0.02850845456123352,-0.013172924518585205,0.03284716606140137,-1.036503791809082,0.6213681101799011,0.0028981939919075893,0.004998640553902439,0.00263364490615224,33.63067447526988,29.694927738758487,16.54885879770599,34.8979606628418,25.71428680419922,17.632652282714844,-36.23963936145598,34.44834595378435,-272.35483870967744,-21.95897275581887,43.767196651767904,-270.6105963776161,-36.23964007047363,34.44834664054473,-272.35484055635914,-0.31372809410095215,-0.35577860474586487,-0.38220471143722534,-0.8553617000579834,0.5432230234146118,-1.4835073947906494
4.16,-0.009294986724853516,0.031006336212158203,-0.012503623962402344,0.29306527972221375,-0.7614743709564209,0.07245635241270065,0.0028721413003332096,0.004968849600509376,0.002665647906803261,32.42870378604985,31.865117517355674,16.65254453329207,34.163265228271484,27.918367385864258,17.26530647277832,-42.43221287473755,26.448200516348113,-273.69354838709677,-29.23264112811734,38.213923510672174,-272.1410583738315,-42.432213705607104,26.448201036009962,-273.6935502248311,-0.2681807279586792,-0.1373370885848999,-0.7564039826393127,-0.7624960541725159,0.3616272509098053,-1.4222164154052734
4.2,-0.0110396146774292,0.030414998531341553,-0.010695487260818481,0.5275855660438538,-0.7432563304901123,0.0012664066161960363,0.0027154535498997417,0.004958878149590889,0.002764798261726503,30.999971486436436,33.79207494697625,17.196770127752654,33.061222076416016,30.12244987487793,17.26530647277832,-46.88760660735401,17.365262642241046,-275.0322580645161,-35.69867346490779,30.7294849354164,-273.71477453313844,-46.88760752724908,17.365262974881674,-275.0322598931455,-0.15599587559700012,-0.14812128245830536,-0.7352644801139832,-1.3697999715805054,0.834428608417511,-1.7988922595977783
4.24,-0.01032954454421997,0.025578975677490234,-0.001195669174194336,1.0270384550094604,-1.2098814249038696,0.004175002686679363,0.0027341840115446244,0.004998640553902439,0.0042850423060467,29.410160452314862,35.42606373609048,18.17042972806722,31.591838836669922,32.32653045654297,17.26530647277832,-49.42341621640557,7.571388875228827,-276.3709677419355,-42.277618677700836,21.867308017487925,-274.52892466961805,-49.42341718879896,7.571389009490843,-276.3709695611497,0.6260935068130493,-0.8002262711524963,-0.5105558633804321,-1.0916929244995117,1.0323160886764526,-0.5245463252067566
4.28,-0.012431085109710693,0.028452038764953613,0.009385466575622559,1.0338802337646484,-0.7610036134719849,-0.018788298591971397,0.0026451208929190403,0.004968611072562468,0.0023904453223222264,27.736821873230763,36.733071741996476,19.543540341987892,30.12244987487793,33.795921325683594,17.632652282714844,-49.93582535855264,-2.532458441935596,-277.7096774193548,-45.78091720342241,13.713366149367696,-274.9744348372561,-49.93582634447779,-2.5324585085730686,-277.7096792288085,0.5183829069137573,-0.26050078868865967,-0.34395602345466614,-1.608206033706665,0.6970723867416382,-0.02248413674533367
4.32,-0.009580373764038086,0.03202927112579346,0.00770491361618042,0.9609501361846924,-0.3344164490699768,-0.8848472833633423,0.0027868592394078113,0.003965657014151914,0.004943239564515117,26.066087524252307,37.69269397945756,21.267689235111007,28.285715103149414,34.8979606628418,19.102041244506836,-48.40385594331021,-12.53262661293603,-279.0483870967742,-45.369788930338416,3.3189337932049496,-276.43145352233995,-48.40385690280674,-12.532626874422201,-279.04838889623375,0.11452872306108475,0.07623406499624252,-0.8703078627586365,-0.48369237780570984,1.5236190557479858,-0.31268632411956787
4.36,-0.013093948364257812,0.023131728172302246,0.01856362819671631,0.7132530808448792,-0.29916417598724365,-0.36437439918518066,0.0026333431749491648,0.003811608767466182,0.0036933142149878128,24.487661409084392,38.295597512370065,23.27739976726422,26.816326141357422,36.367347717285156,20.204082489013672,-44.8902269785371,-22.01970757788168,-280.38709677419354,-47.02930277354339,-5.940744806975834,-277.487448799272,-44.8902278722007,-22.019708020299664,-280.38709856364613,-0.1910836100578308,0.042773693799972534,-0.334415078163147,-1.0589646100997925,1.1498655080795288,-0.5740540027618408
4.4,-0.014996558427810669,0.014420092105865479,0.015171021223068237,0.3502669036388397,-0.5085472464561462,-1.3106262683868408,0.0026082774994023263,0.004186965881814267,0.004967883796727528,23.088929908940077,38.54137001271528,25.49297239640171,25.346939086914062,37.469390869140625,22.40816307067871,-39.538786846884925,-30.60529912738314,-281.7258064516129,-44.63875472941793,-16.301406051593904,-279.8320794467604,-39.53878763744544,-30.605299729965857,-281.72580823128726,-0.45345789194107056,-0.1747809499502182,-1.1920334100723267,-0.7104030251502991,1.0178296566009521,-0.4395655393600464
4.44,-0.013764560222625732,0.012298762798309326,0.028194904327392578,0.2002694010734558,-0.22685231268405914,-0.36454707384109497,0.0026285307206559555,0.002743700075750332,0.004094058216088264,21.949256647356655,38.437258582854156,27.825085298637664,23.87755012512207,37.836734771728516,23.87755012512207,-32.56862413611115,-37.93790613463951,-283.06451612903226,-41.75203957301173,-24.105551286694237,-280.1682223633196,-32.56862478999973,-37.93790687096758,-283.06451789930725,-0.6017579436302185,-0.0943056046962738,-0.1441231071949005,-1.051723599433899,0.34522414207458496,-0.21213173866271973
4.48,-0.00800865888595581,0.004070460796356201,0.03042924404144287,0.6949746012687683,-0.06397893279790878,-0.594433605670929,0.002977644309260088,0.003752005911990457,0.004795544639772951,21.135335479559792,37.99799754421689,30.180889717377095,22.40816307067871,38.20408248901367,26.081632614135742,-24.265098126554054,-43.717330807229104,-284.4032258064516,-36.75941375422135,-33.10307866908872,-281.2843800473171,-24.265098615448895,-43.717331646507176,-284.4032275676678,-0.06969784945249557,-0.16687634587287903,-0.17677664756774902,-0.7452855706214905,0.10999634861946106,-0.2524091303348541
4.52,-0.00939282774925232,-0.003596782684326172,0.026665866374969482,0.46948251128196716,-0.2743563652038574,-0.9306414127349854,0.0028450058316231257,0.004013744542785479,0.004998640553902439,20.697997365764714,37.2466457831564,32.47071936924852,21.67346954345703,38.20408248901367,28.653060913085938,-14.968156148667946,-47.70696282000243,-285.741935483871,-29.419995852539472,-39.78793376626308,-283.55925475329116,-14.968156450991614,-47.706963728345,-285.7419372361141,-0.1990649253129959,-0.45712214708328247,-0.4536055028438568,-1.2837989330291748,0.03075963258743286,-0.46499374508857727
4.56,-0.010613739490509033,-0.01029980182647705,0.02816188335418701,0.6009290218353271,-0.00471446942538023,-1.3002036809921265,0.0027362391759234586,0.00279658580061765,0.004998640553902439,20.67036994542586,36.2161001001458,34.614166618657144,21.306123733520508,37.836734771728516,30.857141494750977,-5.058416099371616,-49.74346616959476,-287.0806451612903,-21.753651995508996,-44.08671213308879,-285.4361214349594,-5.058416201638469,-49.74346711128817,-287.0806469042501,-0.11732998490333557,-0.4041388928890228,-0.895184338092804,-1.7547863721847534,-0.5487690567970276,-0.14237463474273682
4.6,-0.011095434427261353,-0.009051203727722168,0.03351593017578125,0.0021843553986400366,0.15149368345737457,-0.564143180847168,0.0027371093225561118,0.0029132032943461617,0.004737641001202292,21.066993152478865,34.95071949889885,36.54438910716711,21.306123733520508,36.73469543457031,32.693878173828125,5.058416099371556,-49.74346616959476,-288.41935483870964,-12.666470842743896,-45.319554823979246,-286.7626186309608,5.0584162015451835,-49.743467108323706,-288.4193565717035,-0.6066954135894775,-0.3712235689163208,-0.11996173858642578,-1.8655121326446533,-0.1708107441663742,-0.0760311484336853
4.64,-0.004173487424850464,-0.011902332305908203,0.028735756874084473,0.003556586802005768,0.2778361737728119,-0.9915308952331543,0.003840093172693849,0.002683783683716815,0.004998640553902439,21.883477394414783,33.50733120841596,38.21006512015307,21.306123733520508,35.632652282714844,34.8979606628418,14.968156148667802,-47.706962820002474,-289.758064516129,-2.3199413531027155,-47.26464392822507,-288.07334583333403,14.96815645010324,-47.706963720028845,-289.75806623830323,-0.3860347270965576,-0.37486201524734497,-0.4141811728477478,-1.27125883102417,0.025545626878738403,-0.2668834924697876
4.68,0.003665715456008911,-0.01144874095916748,0.03216201066970825,-0.02448132447898388,0.3380264639854431,-0.33748823404312134,0.003777832100176377,0.0027028546425195152,0.003978930036157441,23.096499507380617,31.95488589962691,39.57513191682278,21.67346954345703,34.163265228271484,36.367347717285156,24.26509812655408,-43.71733080722909,-291.0967741935484,6.9654850520355875,-46.151145242548516,-288.6755102894974,24.2650986127358,-43.71733163449504,-291.0967759041823,-0.23089084029197693,-0.3931993544101715,-0.0405273362994194,-0.5314545035362244,0.05424715578556061,0.21347814798355103
4.72,0.012013733386993408,-0.006486177444458008,0.02392876148223877,-0.17311131954193115,0.9297958612442017,-0.8978598117828369,0.0025422927569803745,0.0030586679621316453,0.004998640553902439,24.664244414469145,30.37227464383605,40.61699049499833,22.40816307067871,32.32653045654297,38.20408248901367,32.568624136111104,-37.937906134639555,-292.43548387096774,18.588052349987255,-43.969792876071914,-289.4229724056104,32.56862478408536,-37.93790685776119,-292.4354855697525,-0.16759221255779266,0.2111111283302307,-0.48933640122413635,-0.4588957726955414,-0.5348700284957886,0.9508433938026428
4.76,0.007318168878555298,-0.008462131023406982,0.02287912368774414,-0.7177789807319641,0.5331864356994629,-0.26570457220077515,0.004884369213858208,0.0029427417809985267,0.003664804772465927,26.527674844532612,28.844302822630258,41.3240734130487,24.24489974975586,30.857141494750977,39.30612564086914,39.538786846884896,-30.60529912738319,-293.7741935483871,26.736092763887722,-37.65043916567428,-291.62622620495665,39.53878762668101,-30.605299718522893,-293.7741952355637,-0.5610209107398987,-0.13519133627414703,-0.14107103645801544,-1.7899025678634644,0.3222596347332001,-0.18704375624656677
4.8,0.01419675350189209,-0.009485125541687012,0.015986084938049316,-0.9910402894020081,0.4478486478328705,-0.796017587184906,0.004964707189040117,0.002838009378237344,0.0049403868627525445,28.613109894133448,27.456372249855985,41.69358389334258,25.71428680419922,29.38775634765625,40.408164978027344,44.89022697853704,-22.01970757788181,-295.11290322580646,34.83107170074163,-32.44051248913434,-292.7640908200715,44.89022785490553,-22.01970801352696,-295.1129049021031,-0.8251700401306152,-0.19176475703716278,-0.49222540855407715,-0.5628682374954224,0.688089907169342,0.5903699994087219
4.84,0.018536776304244995,-0.008062869310379028,0.016023635864257812,-0.6145768761634827,0.27612513303756714,-0.02786460518836975,0.004714306521992409,0.0030322456833411695,0.0021037059964996003,30.83641690507811,26.28879804694773,41.72996498975639,27.551021575927734,27.918367385864258,40.7755126953125,48.40385594331022,-12.532626612936005,-296.4516129032258,40.42333572574086,-24.573954666243246,-293.75647319598863,48.40385687759783,-12.5326268746539,-296.4516145696007,-0.30687448382377625,-0.34579625725746155,-0.11534968763589859,-0.9738684296607971,0.530719518661499,0.30172932147979736
4.88,0.018872201442718506,-0.002795696258544922,0.010247588157653809,-0.9984074234962463,0.38498812913894653,-0.044426169246435165,0.004986451188145812,0.004028121113723839,0.002327863500299748,33.10867200245259,25.411700762179535,41.44437425927077,29.755102157592773,26.4489803314209,41.14285659790039,49.93582535855264,-2.532458441935658,-297.7903225806451,45.93376322543546,-15.361157676751208,-294.8981378349814,49.93582631060621,-2.5324585171777705,-297.7903242379092,-0.5339933037757874,-0.12441066652536392,-0.0169964749366045,-0.7915363907814026,0.7984468936920166,0.4118146300315857
4.92,0.02006286382675171,-0.011692553758621216,0.005262911319732666,-1.4095735549926758,0.03865639492869377,-0.0027660534251481295,0.0049930779507351844,0.002701599231055363,0.003293875779606558,35.34257820501509,24.881088576978325,40.85518019482604,31.959182739257812,26.081632614135742,41.14285659790039,49.42341621640558,7.571388875228766,-299.1290322580645,47.041255984123566,-7.110293520057049,-297.3306266734403,49.42341714644567,7.571388992251046,-299.12903390651087,-0.9582675695419312,-0.4502231776714325,-0.11951012164354324,-0.6800483465194702,-0.7466185092926025,0.12269103527069092
4.96,0.02058333158493042,-0.0017189979553222656,-0.005020558834075928,-1.0871237516403198,0.3840227425098419,-0.004354362841695547,0.0049957911605744395,0.004178878131842951,0.0034604255150636745,37.458522168855566,24.73627985127445,39.989262295243776,34.163265228271484,24.979591369628906,41.14285659790039,46.887606607354066,17.365262642240907,-300.46774193548384,50.12121985614481,2.5554392363192804,-298.12625351422747,46.88760747776472,17.365262949696884,-300.46774357467416,-0.5105040669441223,-0.013991874642670155,-0.4994891583919525,-1.088223934173584,0.2508506774902344,-0.7730367183685303
5.0,0.025455594062805176,-0.004246264696121216,-0.013722002506256104,-0.6375184059143066,0.0005034542409703135,0.0184354018419981,0.004861444000237069,0.0038227195996095057,0.0026318481154479255,39.38914553608942,24.998448122661333,38.88367471602111,36.0,24.979591369628906,40.7755126953125,42.43221287473754,26.448200516348138,-301.80645161290323,48.87685927807453,9.984638481193773,-299.98316410057225,42.43221365167993,26.448201004146,-301.80645324172525,-0.14864222705364227,-0.3119845390319824,-0.6834475994110107,-0.7653604745864868,-0.3061830401420593,-1.319379210472107
5.04,0.014271020889282227,0.00032827258110046387,-0.020195484161376953,-1.196108102798462,0.0019341144943609834,0.176410511136055,0.004964919255843835,0.004301776142869103,0.0025882186254153794,41.08174006450399,25.669937556269307,37.587043352791504,38.57143020629883,24.979591369628906,40.04081726074219,36.239639361456014,34.44834595378431,-303.14516129032256,46.34308127011811,21.076360811020177,-302.0117322140724,36.23964001617068,34.4483466033935,-303.1451629073295,-0.6074172854423523,-0.1602482795715332,-0.8736715316772461,-1.0576368570327759,-0.03839142993092537,-2.0242106914520264
5.08,0.018166840076446533,0.005636721849441528,-0.01718151569366455,-0.6264228820800781,-0.03201770782470703,0.5204648375511169,0.004727799117426009,0.00325238901240701,0.002593222536708451,42.49843485760588,26.734100286424834,36.1599790772276,40.04081726074219,25.346939086914062,38.57143020629883,28.563410754739678,41.03817206036378,-304.48387096774195,40.407658209208925,29.01318991883681,-302.7146897131026,28.563411264407097,41.03817284527349,-304.48387257165666,-0.2668313682079315,-0.13363449275493622,-0.5861830711364746,-0.45981892943382263,0.18330742418766022,-0.6597496271133423
5.12,0.017247259616851807,0.0049762725830078125,-0.016441762447357178,-0.5432987809181213,-0.9474843740463257,0.314502477645874,0.004430360376963683,0.004899379466267956,0.002597129666669455,43.61471841603768,28.155657096675057,34.673901671371,41.51020431518555,26.4489803314209,37.10204315185547,19.717792755666043,45.947890581011485,-305.8225806451613,32.45606350699955,35.811348198157255,-304.3920571411755,19.717793103769278,45.94789146783725,-305.82258223535047,-0.17814935743808746,-0.7082244157791138,-0.6885572075843811,-0.5927032828330994,0.03417304903268814,-0.7287219762802124
5.16,0.011084675788879395,0.016965091228485107,-0.016733407974243164,-0.749747633934021,-0.2927424907684326,0.3579338490962982,0.004892064174937777,0.003129221398380915,0.0025955120184600403,44.41712260401602,29.88184660701201,33.20802471955318,42.97959518432617,27.183673858642578,35.632652282714844,10.064926004432994,48.97649706262472,-307.1612903225806,25.575388933427803,43.21487483090385,-304.95251634441723,10.06492618068429,48.976498012721905,-307.1612918993113,-0.41911405324935913,-0.07197698950767517,-0.6980444192886353,-1.0117607116699219,-0.09938936680555344,-1.1077563762664795
5.2,0.012266397476196289,0.008622705936431885,-0.016672492027282715,-0.8225708603858948,-1.1551167964935303,0.13699761033058167,0.004948256067809094,0.004950027782065796,0.002596524220181363,44.90087678538442,31.844766997922733,31.84476699792274,43.71428680419922,29.38775634765625,34.163265228271484,3.6739403974420595e-14,50.0,-308.5,14.514843176754288,45.247601898031746,-307.33751160585086,1.4651189813714214e-14,50.00000097138312,-308.50000156437267,-0.3844470977783203,-1.0853372812271118,-0.7690662741661072,0.0741906464099884,-0.07613380253314972,-1.6319012641906738
5.24,0.007887542247772217,0.01723790168762207,-0.014819204807281494,-0.2918171286582947,-0.608638346195221,0.37267741560935974,0.003642910926242242,0.004648665188818094,0.0026100826877669837,45.0681347044826,33.965218133719134,30.664319678291154,44.448978424072266,30.857141494750977,32.693878173828125,-10.064926004432923,48.97649706262474,-309.83870967741933,5.57448085448787,48.36978212583387,-308.0325275247834,-10.0649261795906,48.97649801203212,-309.8387112309897,-0.22108127176761627,-0.2473660111427307,-0.6319611072540283,-0.6030496954917908,-0.5807880759239197,-1.2278488874435425
5.28,0.010805666446685791,0.02218872308731079,-0.01618856191635132,0.00012910470832139254,-0.6737431287765503,0.23239082098007202,0.002174380420948076,0.004903806125049951,0.00259894966458602,44.92711496974967,36.15799217585362,29.739291216779275,44.448978424072266,32.693878173828125,31.591838836669922,-19.717792755665812,45.94789058101158,-311.1774193548387,-3.3601213105899963,47.11481902110261,-309.2113141578915,-19.7177930996657,45.947891466042904,-311.1774208990427,0.0569821335375309,-0.19337020814418793,-0.8319467306137085,0.392265260219574,0.13590234518051147,-1.2549645900726318
5.32,0.0019333362579345703,0.021991848945617676,-0.013098657131195068,-0.054953157901763916,-1.1823480129241943,0.15307964384555817,0.004190528963522515,0.004998640553902439,0.0026450887973951715,44.492251628328546,38.33804508437962,29.130196351614295,44.81632614135742,34.8979606628418,30.489797592163086,-28.563410754739614,41.03817206036381,-312.51612903225805,-13.511367198914034,46.555737242443115,-310.74483392002685,-28.563411256111944,41.03817284166724,-312.51613056783077,-0.11780622601509094,-0.7616414427757263,-0.705862283706665,-0.858387291431427,0.8871740102767944,-1.5533026456832886
5.36,0.0007560253143310547,0.027983009815216064,-0.010906577110290527,0.18949149549007416,-0.44971075654029846,0.21232953667640686,0.0041887690982372865,0.004421617821823617,0.0027399517743697836,43.78523475702713,40.426546870127645,28.882168901958554,44.448978424072266,36.73469543457031,29.755102157592773,-36.239639361455964,34.44834595378436,-313.85483870967744,-21.54462888437172,42.88486632702758,-311.701488165984,-36.23964000349305,34.448346597226816,-313.85484023628277,-0.08805014938116074,-0.003080008551478386,-0.6593761444091797,-0.625510036945343,0.6646109819412231,-1.11068856716156
5.4,-0.005173802375793457,0.02596569061279297,-0.01523500680923462,0.12832969427108765,-0.4659600555896759,-0.000981456134468317,0.003352374547631109,0.004475960607258716,0.0026081674281588606,42.83661463662022,42.35570557428721,29.022879089677136,44.081634521484375,38.93877410888672,29.755102157592773,-42.4322128747375,26.448200516348198,-315.19354838709677,-28.737474264018214,37.1518281925848,-314.09064829051533,-42.432213635427246,26.448200994992575,-315.19354990333443,-0.22427727282047272,0.0476420521736145,-0.9268578290939331,-0.6689822673797607,0.5831093192100525,-1.88944411277771
5.44,-0.008907079696655273,0.021168112754821777,-0.006367981433868408,0.32097530364990234,-0.6814916133880615,0.18530434370040894,0.0029135673898744597,0.0049114395496713,0.0029497402107174914,41.68744555413606,44.07158149332292,29.561405104056142,43.34693908691406,41.14285659790039,29.38775634765625,-46.88760660735404,17.365262642240975,-316.5322580645161,-37.21528645072728,30.384870518057227,-315.1854317090473,-46.887607459537676,17.3652629378509,-316.5322595683427,-0.24984098970890045,-0.19184017181396484,-0.5021917223930359,-0.7809658646583557,0.131037175655365,-0.7937413454055786
5.48,-0.009730160236358643,0.0254705548286438,0.0030306577682495117,0.1328100860118866,-0.5427585244178772,0.004831082187592983,0.0028403596291190682,0.00469048374117431,0.0038894187490763734,40.39030249884148,45.53470806981918,30.487806917152746,42.24489974975586,42.612247467041016,29.38775634765625,-49.42341621640557,7.571388875228838,-317.8709677419355,-42.30489195396386,22.937871172183296,-315.60615830851145,-49.423417128304976,7.57138897902542,-317.8709692313657,-0.47447144985198975,-0.07667041569948196,-0.3302324116230011,-1.0425443649291992,0.9577135443687439,-0.3314134180545807
5.52,-0.006723225116729736,0.02536076307296753,0.012787997722625732,0.48986735939979553,-0.5140148997306824,-0.001552988775074482,0.003063996913330304,0.0046185276517778364,0.0020399980429257414,39.00900549613595,46.71892720929045,31.77332705966248,40.7755126953125,44.081634521484375,29.755102157592773,-49.93582535855264,-2.5324584419355842,-319.2096774193548,-46.430887773617705,13.426189873068532,-316.02187463796326,-49.9358262946884,-2.5324585293988098,-319.20967889318234,-0.1752128303050995,-0.082970030605793,-0.18309207260608673,-0.2109522819519043,0.5454216003417969,0.11764031648635864
5.56,-0.0051857829093933105,0.02038329839706421,0.009578526020050049,0.9279919266700745,-1.028980016708374,-0.28898540139198303,0.003345788360076877,0.004994767026523931,0.003341858633815079,37.61661185262126,47.60919599511811,33.371382371220065,39.30612564086914,45.551021575927734,31.224491119384766,-48.40385594331024,-12.532626612935932,-320.54838709677415,-47.37443426973173,2.0763544498226367,-317.9969973912333,-48.403856865723455,-12.5326268826854,-320.5483885550338,0.2649199962615967,-0.7379748225212097,-0.2736179828643799,-0.7087357044219971,1.4017558097839355,-0.4918534755706787
5.6,-0.010253489017486572,0.023099124431610107,0.011824965476989746,0.8322077989578247,-0.33749648928642273,-0.5167009234428406,0.0027425322058746418,0.003978965660310767,0.0042791649285856175,36.291673076538615,48.19916988627712,35.21967587980105,38.20408248901367,46.28571701049805,32.693878173828125,-44.890226978537065,-22.019707577881746,-321.88709677419354,-45.643648425124745,-6.270213368605226,-319.591271101959,-44.8902278482069,-22.019708013944406,-321.887098218184,-0.003069165861234069,-0.04009493440389633,-0.48817506432533264,-1.2458271980285645,1.7375962734222412,-0.587830662727356
5.64,-0.007731735706329346,0.020573794841766357,0.018438279628753662,1.02947998046875,-0.1609143316745758,-0.5712568759918213,0.002982312368165178,0.0030983976904626325,0.004591821773622588,35.11325088798454,48.489204130275574,37.24372854702328,36.73469543457031,47.020408630371094,34.163265228271484,-39.53878684688494,-30.605299127383134,-323.2258064516129,-43.84588239708684,-15.960594173915206,-320.38244333977576,-39.538787625294866,-30.605299708365152,-323.2258078834588,0.6504361033439636,0.009581866674125195,-0.5074456334114075,-1.2857494354248047,1.2954356670379639,-0.42082732915878296
5.68,-0.009064435958862305,0.012812435626983643,0.021706581115722656,0.2518450617790222,-0.05226472392678261,-1.1076700687408447,0.002902046276614432,0.0021377400000246573,0.004998640553902439,34.15552165160773,48.48517214062632,39.36185110672743,35.632652282714844,47.75510025024414,36.0,-32.568624136111154,-37.937906134639505,-324.56451612903226,-40.79539150187235,-24.89222100495689,-321.92562001549635,-32.568624787001816,-37.93790683518612,-324.5645175509211,-0.3734833300113678,0.14571459591388702,-0.9318283200263977,-0.8745943307876587,1.894335389137268,-0.32684221863746643
5.72,-0.006546974182128906,0.006331145763397217,0.026619136333465576,0.31684601306915283,-0.07064005732536316,-0.7912634015083313,0.003011564522337044,0.003164357730083553,0.004982099667462871,33.48281765406046,48.198265628828,41.49111135104435,34.53061294555664,48.12245178222656,37.836734771728516,-24.265098126554143,-43.717330807229054,-325.9032258064516,-36.24679619386511,-33.0129653193366,-322.98524366984935,-24.265098617917104,-43.71733159922939,-325.9032272197968,-0.2907266616821289,-0.002673290204256773,-0.4146721661090851,-0.8710911870002747,0.5578523874282837,-0.41058334708213806
5.76,-0.011876344680786133,0.0013238191604614258,0.02531224489212036,0.03802597150206566,-0.0033453397918492556,-1.1754642724990845,0.0026926172121951378,0.004218888473864636,0.004998640553902439,33.145681281521796,47.645739403279215,43.55340084822574,34.163265228271484,48.12245178222656,40.04081726074219,-14.968156148667871,-47.70696282000245,-327.241935483871,-28.92856189690846,-38.42315820029469,-325.2996927741526,-14.968156454936727,-47.70696367354886,-327.2419368886992,-0.5986489057540894,-0.10450685769319534,-0.6002538204193115,-1.450031042098999,0.15650174021720886,-0.44413983821868896
5.8,-0.0049370527267456055,-0.0019094347953796387,0.02924901247024536,0.8052246570587158,0.04591002315282822,-0.6541215181350708,0.0034504676774137644,0.00420930101374074,0.004882212578233883,33.178119926105715,46.852375918681055,45.48051719110009,33.42857360839844,47.75510025024414,41.8775520324707,-5.0584160993716285,-49.74346616959476,-328.5806451612903,-21.264556119654554,-43.73186522719125,-326.0303465581041,-5.058416203581846,-49.7434670537854,-328.58064655610076,0.6045036315917969,-0.3378813564777374,-0.3485645055770874,-1.5498976707458496,0.46512022614479065,0.19048842787742615
5.84,-0.004371523857116699,-0.002932310104370117,0.030826210975646973,0.0047630430199205875,0.05469692498445511,-0.5240580439567566,0.0037876832133211732,0.004066779536793958,0.004644802400874592,33.59594683120191,45.85225331964905,47.217394597378,33.42857360839844,47.020408630371094,43.71428680419922,5.058416099371543,-49.74346616959476,-329.91935483870964,-12.058879249665797,-45.76444432222676,-327.53896469080536,5.058416203857572,-49.74346705326298,-329.91935622090284,-0.4058241844177246,-0.24785609543323517,-0.14769291877746582,-1.117521047592163,0.2565889358520508,0.037161312997341156
5.88,0.0029204487800598145,-0.007564544677734375,0.02908378839492798,0.004330798517912626,0.05707447975873947,-0.5870422124862671,0.00391634284206966,0.0031275650628898796,0.004782343432177659,34.395991031903655,44.69022607906023,48.72315487137186,33.42857360839844,46.28571701049805,45.551021575927734,14.968156148667791,-47.706962820002474,-331.258064516129,-2.700354605425276,-47.8797147519753,-328.6901758263132,14.96815645729196,-47.706963672395155,-331.2580658828817,-0.21697451174259186,-0.37621626257896423,-0.18536750972270966,-0.5223280191421509,-0.12985408306121826,-0.051951516419649124
5.92,0.010473370552062988,-0.0022013187408447266,0.02971935272216797,0.0009504526969976723,0.8909593224525452,-0.4024657607078552,0.0022081749277072364,0.0040400207170233505,0.004247759117926479,35.55605469292359,43.42244187468055,49.970254318663216,33.795921325683594,44.81632614135742,47.020408630371094,24.26509812655407,-43.7173308072291,-332.5967741935484,8.099690476173315,-46.61726364925354,-329.24274448685196,24.265098623802757,-43.717331598587876,-332.596775542821,-0.17025624215602875,0.6857061386108398,-0.22080205380916595,-0.39797139167785645,-0.37297147512435913,0.20742321014404297
5.96,0.005075335502624512,-0.005094349384307861,0.025839626789093018,-0.910582959651947,0.747388482093811,-0.6460437178611755,0.004901824889236038,0.0033987527500190266,0.004872406750415905,37.035698130823874,42.11531818136849,50.94241368195404,35.26530456542969,43.71428680419922,48.48979949951172,32.56862413611109,-37.93790613463956,-333.93548387096774,17.574632261523416,-42.24460872317324,-331.67108081823386,32.56862479681134,-37.93790683664148,-333.9354852022648,-1.3538798093795776,0.24004675447940826,-0.192201167345047,-0.13852083683013916,-0.7152616381645203,0.13271644711494446
6.0,0.011664927005767822,-0.008673369884490967,0.023571789264678955,-0.9506582617759705,0.5804136991500854,-0.2935963571071625,0.004959556359265173,0.0029106251203696067,0.0037871302628117486,38.77811114594491,40.84273270931099,51.63213309839797,36.367347717285156,42.612247467041016,49.59183883666992,39.53878684688488,-30.6052991273832,-335.2741935483871,25.647414586439435,-38.443589959318935,-332.8784996533942,39.53878763824305,-30.605299713475517,-335.27419486297686,-0.6355476975440979,-0.07971586287021637,-0.12301725149154663,-0.6374629735946655,0.12413817644119263,0.026477590203285217
6.04,0.016429901123046875,-0.005238711833953857,0.022786438465118408,-0.7280172109603882,0.5194404721260071,-0.13389112055301666,0.0048737605966011985,0.0033378460358031332,0.0031357062663227115,40.713355259320856,39.68166436730692,52.03847241579056,37.836734771728516,41.14285659790039,50.32653045654297,44.89022697853703,-22.01970757788182,-336.61290322580646,33.50457833103704,-31.824422795946877,-333.74301611289104,44.890227862508674,-22.0197080236644,-336.6129045263069,-0.4456011652946472,-0.07573993504047394,0.027318263426423073,-0.6780050992965698,0.3170056939125061,1.0663596391677856
6.08,0.024561643600463867,-0.006267726421356201,0.017056703567504883,-0.4029192328453064,0.8806610703468323,-0.0671323612332344,0.004249529300167533,0.003061508407442147,0.002261297265886704,42.763054931096,38.70695794117423,52.16554976138771,39.30612564086914,40.04081726074219,51.06122589111328,48.40385594331022,-12.532626612936015,-337.9516129032258,39.99514189646681,-25.86211033208559,-334.7561677365315,48.40385687897814,-12.532626896819314,-337.95161419268186,-0.18310779333114624,0.5287685394287109,-0.07962610572576523,-0.21511930227279663,-0.8431077003479004,1.149621844291687
6.12,0.02186715602874756,-0.010456681251525879,0.0064504146575927734,-0.5049247145652771,0.11172020435333252,-0.07028254121541977,0.004593690852926325,0.002777427126497088,0.0031326023078101627,44.84620137257076,37.98607313307515,52.02198255679299,41.51020431518555,39.30612564086914,51.795921325683594,49.93582535855264,-2.53245844193567,-339.2903225806451,45.1287734102381,-17.696172196247144,-337.0940374461612,49.935826304362166,-2.5324585462699805,-339.29032386139943,-0.1013321802020073,-0.5177376866340637,-0.1568543165922165,-0.7718243598937988,-0.43245622515678406,0.1859152615070343
6.16,0.01975560188293457,-0.003804504871368408,0.003945827484130859,-0.8204523324966431,0.10690128803253174,-0.0018583857454359531,0.00498257217754426,0.0038981887570212663,0.0036633068271708343,46.88527042613676,37.574549160068045,51.621303701382125,43.71428680419922,38.20408248901367,51.795921325683594,49.42341621640558,7.571388875228753,-340.6290322580645,48.50463151649668,-6.9716769096639615,-338.2137180637506,49.423417132242925,7.571388962524761,-340.62903353081157,-0.3678167164325714,-0.29212486743927,-0.24726039171218872,-0.4971383512020111,0.15706944465637207,0.04241322726011276
6.2,0.023287594318389893,-0.00457686185836792,-0.0030477046966552734,-0.7251728773117065,0.09444394707679749,-0.0035178193356841803,0.004947347784179317,0.0037039044000673725,0.004060919843303442,48.811590294537304,37.51257911052519,50.98321721977464,45.551021575927734,37.836734771728516,51.795921325683594,46.887606607354066,17.365262642240893,-341.9677419354839,49.45282890628025,1.151640281503155,-339.7485411103764,46.887607456462455,17.365262925774793,-341.96774319886697,-0.24493347108364105,-0.27295729517936707,-0.44194296002388,-0.2857978343963623,0.10685868561267853,-0.5728553533554077
6.24,0.02485072612762451,-0.005657196044921875,-0.007773220539093018,-0.3166866600513458,-0.00010195069626206532,0.03346337005496025,0.003888484413473948,0.0030009868575102553,0.003104772818456213,50.56900932762391,37.82274289595741,50.13538286953044,47.38775634765625,37.836734771728516,51.42857360839844,42.432212874737544,26.448200516348123,-343.3064516129032,47.781863102600205,9.66335482657024,-341.4940780704373,42.432213625372675,26.448200991521468,-343.3064528638503,0.03844552859663963,-0.3649711012840271,-0.5310781002044678,-0.16237086057662964,-0.5000799894332886,-0.7500829696655273
6.28,0.01705467700958252,-0.0002449154853820801,-0.016158699989318848,-0.6197735667228699,0.003670980455353856,0.04776639863848686,0.0046732722644046015,0.004315593001778502,0.0025998891937422655,52.11539051549147,38.50875402411578,49.115233355299694,49.59183883666992,37.836734771728516,51.06122589111328,36.23963936145603,34.4483459537843,-344.64516129032256,46.01570209480028,19.96255190357541,-343.2373083656756,36.23963998806592,34.44834660574332,-344.6451625250505,-0.17221567034721375,-0.16701124608516693,-0.8244991898536682,-0.9540027379989624,0.09785749018192291,-1.8331447839736938
6.32,0.018398821353912354,0.005318343639373779,-0.02114170789718628,-0.3589177429676056,-0.027312494814395905,0.1219174712896347,0.0036432414638592793,0.0033300730260338697,0.0025878922776063013,53.42207379697339,39.55508283421945,47.971178704757435,51.06122589111328,38.20408248901367,50.32653045654297,28.56341075473969,41.03817206036376,-345.98387096774195,41.84190939466662,27.475591097832858,-344.46302664911155,28.563411238438306,41.0381728639837,-345.98387218308335,-0.008899454958736897,-0.03546901047229767,-1.0867550373077393,-0.4075148105621338,0.06271995604038239,-2.1213536262512207
6.36,0.009147942066192627,0.010756909847259521,-0.015462636947631836,-0.9382320642471313,-0.1624610722064972,0.1537752002477646,0.004952779247555565,0.0026207038253380542,0.002604962123481956,54.471923508974236,40.927471297987296,46.76253585928209,52.8979606628418,38.93877410888672,48.85714340209961,19.717792755666053,45.94789058101148,-347.3225806451613,33.798560039461826,37.78212000322156,-345.56076321834365,19.717793083910134,45.947891501951155,-347.32258183972357,-0.8632582426071167,0.06939379125833511,-0.766880214214325,0.031733132898807526,1.0364022254943848,-1.7318178415298462
6.4,0.014647603034973145,0.009064137935638428,-0.010912775993347168,-0.35557734966278076,-0.2645127773284912,0.5578728318214417,0.003347334421023999,0.003305636829225466,0.0027209125187064396,55.25676388570875,42.57453388359117,45.55772680158112,53.632652282714844,40.408164978027344,47.38775634765625,10.064926004433007,48.97649706262472,-348.6612903225806,23.711213299150387,41.69212662445816,-346.8898951743681,10.06492617005744,48.976498059205156,-348.6612914972962,-0.1730726659297943,-0.09781289100646973,-0.39027702808380127,-0.4225236773490906,-0.2833327651023865,-0.8872588872909546
6.44,0.00911247730255127,0.012164056301116943,-0.012706279754638672,-0.36071744561195374,-0.44957688450813293,0.3170762360095978,0.0037694735267850736,0.0039334221974676445,0.0026530227305765434,55.77492628799408,44.430711048655304,44.43071104865531,54.73469543457031,41.8775520324707,46.28571701049805,4.898587196589413e-14,50.0,-350.0,14.921579642871608,46.35462487679327,-348.36328420322195,-4.947913506307222e-15,50.00000102555436,-350.0000011578493,-0.18170247972011566,-0.1517428308725357,-0.6343292593955994,-0.5675037503242493,-0.4749835431575775,-0.9266253709793091
