Time,e1,e2,e3,edot1,edot2,edot3,Kp1,Ki1,Kd1,SetAngle1,SetAngle2,SetAngle3,ActualAngle1,ActualAngle2,ActualAngle3,X0,Y0,Z0,Actual_X,Actual_Y,Actual_Z,X_Set,Y_Set,Z_Set,refCurr1,refCurr2,refCurr3,ActualCurr1,ActualCurr2,ActualCurr3
0.0,-0.0065108975395560265,-0.0065108975395560265,-0.0065108975395560265,-4.203895392974451e-45,-4.203895392974451e-45,-4.203895392974451e-45,744.9126203241484,0.21105276039113519,0.006388636130596688,-0.005686595269523741,-0.005686595269523741,-0.005686595269523741,0.36734694242477417,0.36734694242477417,0.36734694242477417,0.0,0.0,-184.0,0.0,-7.16604903116765e-15,-185.1426677171004,0.0,-1.433179351732963e-14,-184.0000024755281,-0.10699914395809174,-0.10014571994543076,-0.1049029529094696,0.028597773984074593,-0.11815756559371948,0.06497800350189209
0.04,-0.0065108975395560265,-0.0065108975395560265,-0.0065108975395560265,-4.203895392974451e-45,-4.203895392974451e-45,-4.203895392974451e-45,744.9126203241484,0.21105276039113519,0.006388636130596688,0.4142868312709749,-0.21306591342523187,-0.21306591342523187,0.36734694242477417,0.36734694242477417,0.36734694242477417,0.0,1.3888888888888888,-184.0,0.0,-7.16604903116765e-15,-185.1426677171004,0.0,1.388888929631816,-184.00000247525816,-0.10380412638187408,-0.0998561903834343,-0.10100255906581879,0.11344195902347565,-0.13529950380325317,-0.04239807277917862
0.08,0.0008194851689040661,-0.01013070996850729,-0.01013070996850729,1.0545617851187572e-10,-5.207526770911741e-11,-5.207526770911741e-11,744.9126203127101,0.20895775024487268,0.006388636130596687,0.8377436556922286,-0.4169842784555035,-0.4169842784555035,0.36734694242477417,0.36734694242477417,0.36734694242477417,0.0,2.7777777777777777,-184.0,0.0,-7.16604903116765e-15,-185.1426677171004,0.0,2.7777778591786118,-184.00000247444999,0.00854962132871151,-0.1382874846458435,-0.1384492963552475,0.3188311755657196,-0.04907161742448807,0.04641680419445038
0.12,0.0017977962270379066,-0.01368943601846695,-0.01368943601846695,-2.390570640563965,-2.318451333693794e-11,-2.318451333693794e-11,465.06089280290126,0.04237702044776015,0.006388636130596686,1.264637646746067,-0.6174374392463308,-0.6174374392463308,0.7346938848495483,0.36734694242477417,0.36734694242477417,0.0,4.166666666666666,-184.0,0.0,0.8197731639068594,-185.51738634103066,0.0,4.166666788627427,-184.00000247310643,-1.0156697034835815,-0.19213928282260895,-0.20019078254699707,0.5662713050842285,-0.24183112382888794,-0.05640237033367157
0.16,-0.009985635057091713,-0.017187077552080154,-0.017187077552080154,-0.07916320115327835,-2.0484678189824912e-11,-2.0484678189824912e-11,730.9666121749452,0.2061134871459533,0.006388636130596686,1.6949213999856334,-0.8144214223418295,-0.8144214223418295,1.8367347717285156,0.36734694242477417,0.36734694242477417,0.0,5.555555555555555,-184.0,0.0,3.2981086475700385,-186.6236013609632,0.0,5.555555717965612,-184.0000024712306,-0.11703323572874069,-0.15847711265087128,-0.1580413281917572,-0.2024332582950592,0.00297447107732296,0.02724786102771759
0.2,-0.0024754833430051804,-0.02062537521123886,-0.02062537521123886,3.535131909426781e-11,-1.620065713525687e-11,-1.620065713525687e-11,744.9126203203142,0.2093627041062576,0.006388636130596688,2.128546368772262,-1.0079325314075522,-1.0079325314075522,1.8367347717285156,0.36734694242477417,0.36734694242477417,0.0,6.944444444444445,-184.0,0.0,3.2981086475700385,-186.6236013609632,0.0,6.944444647180646,-184.00000246882576,-0.055922381579875946,-0.2758946120738983,-0.27604803442955017,0.058028873056173325,-0.45323947072029114,-0.24696575105190277
0.24,-0.0013191476464271545,-0.02400258556008339,-0.02400258556008339,-0.07951608300209045,-1.3539880154567197e-11,-1.3539880154567197e-11,730.8756617799932,0.19978620615132586,0.006388636130596687,2.5654628969160207,-1.1979673464295078,-1.1979673464295078,2.2040815353393555,0.36734694242477417,0.36734694242477417,0.0,8.333333333333332,-184.0,0.0,4.130546827904502,-186.98627254033883,0.0,8.333333576260197,-184.00000246589542,-0.0393180288374424,-0.3155573606491089,-0.3185420334339142,-0.031159808859229088,-0.6588004231452942,-0.3980984687805176
0.28,-0.006514888256788254,-0.027320455759763718,-0.027320455759763718,-2.390570640563965,-1.5665559127686635e-11,-1.5665559127686635e-11,465.0608928029013,0.0424651106530686,0.006388636130596685,3.0056202528953464,-1.3845227226503565,-1.3845227226503565,2.9387755393981934,0.36734694242477417,0.36734694242477417,0.0,9.722222222222221,-184.0,0.0,5.8048912496865,-187.70235766502518,0.0,9.722222505192178,-184.00000246244346,-1.097479224205017,-0.35537129640579224,-0.36393803358078003,0.29316219687461853,-0.5597550868988037,-0.24542170763015747
0.32,0.0011663064360618591,-0.030575498938560486,-0.030575498938560486,3.468606651901851e-11,-1.514958471171557e-11,-1.514958471171557e-11,744.912620320386,0.20893554366118852,0.006388636130596687,3.448966665596679,-1.5675957892444874,-1.5675957892444874,2.9387755393981934,0.36734694242477417,0.36734694242477417,0.0,11.11111111111111,-184.0,0.0,5.8048912496865,-187.70235766502518,0.0,11.111111433964691,-184.0000024584738,-0.026539618149399757,-0.2397291511297226,-0.24771755933761597,0.5343929529190063,-0.2721332907676697,-0.01854134351015091
0.36,0.0024936795234680176,-0.03377119451761246,-0.03377119451761246,2.981776106025791e-07,-1.2316665731759713e-07,-1.2316665731759713e-07,744.9125879823192,0.20887068020940372,0.006388636130596686,3.895449361510757,-1.7471839477341022,-1.7471839477341022,3.3061225414276123,0.36734694242477417,0.36734694242477417,0.0,12.5,-184.0,0.0,6.646788549295613,-188.05571853819256,0.0,12.500000362566114,-184.0000024539906,0.01971966214478016,-0.43633031845092773,-0.4438178539276123,0.8793636560440063,-1.226794958114624,-0.7777675986289978
0.4,0.0038734152913093567,-0.03690580651164055,-0.03690580651164055,-0.5590208768844604,-1.2567257130779996e-11,-1.2567257130779996e-11,467.4004783333559,0.06566080493207456,0.006388636130596686,4.3450146033180586,-1.9232848701482805,-1.9232848701482805,3.6734695434570312,0.36734694242477417,0.36734694242477417,0.0,13.88888888888889,-184.0,0.0,7.491829987219802,-188.40592286566945,0.0,13.888889290984979,-184.00000244899834,-0.14094099402427673,-0.47329509258270264,-0.47556599974632263,0.5738253593444824,-1.4091062545776367,-0.88506680727005
0.44,-0.0075138285756111145,-0.033567916601896286,-0.03997933119535446,-0.0006168519612401724,-6.745567646126993e-12,-8.802858615652998e-12,744.8456077840121,0.21189120706430875,0.006388636130596686,4.7976077297920146,-2.0958964969277063,-2.0958964969277063,4.775510311126709,0.0,0.36734694242477417,0.0,15.277777777777777,-184.0,0.7234567365831809,10.442786043381947,-189.02927060398198,0.0,15.277778219210072,-184.00000244350161,-0.08322612941265106,-0.28745126724243164,-0.3323647677898407,-0.007170175202190876,-0.3700394034385681,-0.3287557065486908
0.48,0.0003855302929878235,-0.03658035770058632,-0.042991772294044495,2.295255999151813e-11,-8.753086797042009e-12,-8.753086797042009e-12,744.9126203216586,0.2089893908127192,0.006388636130596687,5.253173196945098,-2.2650170345774976,-2.2650170345774976,4.775510311126709,0.0,0.36734694242477417,0.0,16.666666666666664,-184.0,0.7234567365831809,10.442786043381947,-189.02927060398198,0.0,16.66666714723052,-184.00000243750526,-0.04597335308790207,-0.47077226638793945,-0.5578592419624329,0.6244267225265503,-1.2431399822235107,-0.9322866201400757
0.52,-0.004485569894313812,-0.039531707763671875,-0.04594312235713005,-0.4098089039325714,-8.59338121494968e-12,-8.59338121494968e-12,523.212552945582,0.08825157045457964,0.006388636130596685,5.711654620339391,-2.4306449530710497,-2.4306449530710497,5.510204315185547,0.0,0.36734694242477417,0.0,18.055555555555554,-184.0,0.7259970022885323,12.158918101658168,-189.69563396563885,0.0,18.055556075035568,-184.00000243101414,-0.175002783536911,-0.5063165426254272,-0.5998240113258362,-0.15311497449874878,-1.2694392204284668,-0.9351476430892944
0.56,-0.0028946474194526672,-0.04242197051644325,-0.04883338510990143,-1.7546426533954218e-06,-1.3493089458249674e-11,-1.3493089458249674e-11,744.9124300061559,0.20945323975636013,0.006388636130596686,6.172994818480228,-2.5927789830078436,-2.5927789830078436,5.877551078796387,0.0,0.36734694242477417,0.0,19.444444444444443,-184.0,0.7272481492404189,13.021630040647228,-190.02386326408248,0.0,19.4444450026149,-184.00000242403354,-0.045345988124608994,-0.3896949887275696,-0.4427598714828491,0.3195040225982666,-0.7710575461387634,-0.5081062316894531
0.6,-0.0012548565864562988,-0.04525289312005043,-0.04525289312005043,-6.798116203299287e-08,-1.0345119726140606e-11,0.735144853591919,744.9126129505771,0.20916001727043898,0.006388636130596686,6.637135857208807,-2.7514181125285178,-2.7514181125285178,6.244897842407227,0.0,0.0,0.0,20.833333333333332,-184.0,0.0,14.278498768234925,-189.93371847863753,0.0,20.833333929958233,-184.00000241656872,-0.025702795013785362,-0.5763585567474365,-0.3911450207233429,-0.09719190001487732,-1.6417300701141357,-1.0786800384521484
0.64,0.00043380260467529297,-0.04160957410931587,-0.04802098870277405,-1.2171462774276733,1.0639705578796566e-05,-7.889057462850957e-12,465.0608928029013,0.055267652742555136,0.006388636130596683,7.104019095007103,-2.9065615839906056,-2.9065615839906056,6.612245082855225,-0.36734694242477417,0.0,0.0,22.22222222222222,-184.0,0.7268319898544501,15.534303725681562,-189.8323592561053,0.0,22.222222857055737,-184.0000024086252,-0.6960448026657104,-0.541452169418335,-0.6327468752861023,1.038656234741211,-1.6978117227554321,-1.1918389797210693
0.68,-0.004240088164806366,-0.04431832581758499,-0.05072974041104317,-0.0001993097539525479,-8.350951007096707e-12,-8.350956211267135e-12,744.8909911795954,0.20983019113561635,0.006388636130596686,7.573585229126211,-3.0582088904082383,-3.0582088904082383,7.3469390869140625,-0.36734694242477417,0.0,0.0,23.61111111111111,-184.0,0.7292281100255783,17.276681779009206,-190.45552289607392,0.0,23.61111178389777,-184.0000024002087,-0.04444259777665138,-0.3562910556793213,-0.41773274540901184,-0.02896249294281006,-0.8263331651687622,-0.630856990814209
0.72,-0.0024554282426834106,-0.046964243054389954,-0.05337565764784813,1.0651780672776834e-11,-5.571973004520059e-12,-5.571973004520059e-12,744.9126203229929,0.20935867195855654,0.006388636130596686,8.04577434244763,-3.206359771659947,-3.206359771659947,7.714285373687744,-0.36734694242477417,0.0,0.0,25.0,-184.0,0.7304065538705308,18.152418147652185,-190.76197292979347,0.0,25.0000007104751,-184.0000023913248,-0.05176563188433647,-0.605678379535675,-0.6957374215126038,-0.05629884824156761,-2.024909496307373,-1.4663747549057007
0.76,0.005786016583442688,-0.049550820142030716,-0.05596223473548889,2.5720476096169342e-11,-8.072374366174806e-12,-8.072374366174806e-12,744.9126203213585,0.2087929637376179,0.0063886361305966885,8.52052595098531,-3.351014210467858,-3.351014210467858,7.714285373687744,-0.36734694242477417,0.0,0.0,26.38888888888889,-184.0,0.7304065538705308,18.152418147652185,-190.76197292979347,0.0,26.388889636778583,-184.00000238197964,0.0379786491394043,-0.6316181421279907,-0.726000964641571,1.1183842420578003,-1.876889705657959,-1.4152377843856812
0.8,-0.005163133144378662,-0.05207457020878792,-0.058485984802246094,-0.07990016788244247,-1.4062530653835559e-11,-1.4062530653835559e-11,730.776493543279,0.20073441505422576,0.006388636130596687,8.997779051935222,-3.4921724281528865,-3.4921724281528865,8.816326141357422,-0.36734694242477417,0.0,0.0,27.77777777777778,-184.0,0.733862174422873,20.797745638011506,-191.66047049251273,0.0,27.777778562799575,-184.00000237217915,-0.10413414239883423,-0.6543537378311157,-0.7501792907714844,-0.0589243583381176,-1.9163206815719604,-1.4943641424179077
0.84,-0.0032441020011901855,-0.054538972675800323,-0.0609503872692585,-0.00010202925477642566,-1.3717612115660138e-11,-1.3717612115660138e-11,744.9015508408116,0.2095315351550938,0.006388636130596686,9.477472172178379,-3.6298348801693767,-3.6298348801693767,9.183673858642578,-0.36734694242477417,0.0,0.0,29.166666666666664,-184.0,0.7349871253450152,21.68553723676215,-191.9529268463572,0.0,29.166667488529466,-184.0000023619296,-0.05811367556452751,-0.6757577061653137,-0.7704609632492065,-0.13072523474693298,-2.415505886077881,-1.945999264717102
0.88,0.005128234624862671,-0.05694054439663887,-0.06335195899009705,4.655466290248711e-11,-1.3354042698032753e-11,-1.3354042698032753e-11,744.9126203190989,0.2088025161201374,0.006388636130596687,9.959543417142768,-3.7640022514240288,-3.7640022514240288,9.183673858642578,-0.36734694242477417,0.0,0.0,30.555555555555554,-184.0,0.7349871253450152,21.68553723676215,-191.9529268463572,0.0,30.55555641396026,-184.00000235123719,0.0298625435680151,-0.7326907515525818,-0.8223965167999268,1.5004984140396118,-2.5449275970458984,-2.1933631896972656
0.92,0.0007178932428359985,-0.046459950506687164,-0.06569419056177139,-0.0007174261845648289,0.2372363954782486,-6.812754787394182e-12,744.8346616882072,0.20891148236661866,0.006388636130596687,10.443930519929495,-3.894675451382898,-3.894675451382898,9.918368339538574,-1.1020407676696777,0.0,0.0,31.944444444444443,-184.0,2.2027320602725,24.217907599907882,-191.6342997873176,0.0,31.94444533908398,-184.00000234010827,0.02814859338104725,-0.5756462812423706,-0.8380179405212402,0.03493789583444595,-1.2606608867645264,-1.8451385498046875
0.96,-0.003650560975074768,-0.042329687625169754,-0.06156392768025398,-1.2517360119090881e-05,2.3835536921978928e-07,1.1841550309754645e-11,744.911262586451,0.20965112842526532,0.006388636130596684,10.930570890608767,-4.021855608971154,-4.021855608971154,10.653061866760254,-1.4693877696990967,-0.36734694242477417,0.0,33.33333333333333,-184.0,2.200394736442451,26.74512932402523,-191.29529918897097,0.0,33.33333426389309,-184.00000232854944,-0.06525836139917374,-0.5453588962554932,-0.7903692126274109,0.06975331902503967,-1.7088546752929688,-1.6336381435394287
1.0,0.004843965172767639,-0.044549744576215744,-0.06378398835659027,1.7668018090222226e-11,-4.617563709868877e-12,-4.617571949805388e-12,744.912620322232,0.20880733754231004,0.006388636130596687,11.419401665591604,-4.145544067270049,-4.145544067270049,10.653061866760254,-1.4693877696990967,-0.36734694242477417,0.0,34.72222222222222,-184.0,2.200394736442451,26.74512932402523,-191.29529918897097,0.0,34.72222318838043,-184.0000023165671,0.015297072939574718,-0.5642296671867371,-0.8204230666160583,1.131056785583496,-1.5631182193756104,-1.501505732536316
1.04,0.0005523115396499634,-0.046706970781087875,-0.05952979624271393,-9.044715625350364e-06,-8.595455944226948e-12,4.3524702050490305e-05,744.9116392672727,0.20897601804791918,0.006388636130596687,11.91035975698433,-4.265742378015444,-4.265742378015444,11.387755393981934,-1.4693877696990967,-0.7346938848495483,0.0,36.11111111111111,-184.0,1.4681885312459728,28.905746301556153,-191.380610043328,0.0,36.11111211253885,-184.00000230416813,0.0022627294529229403,-0.6101818680763245,-0.7883654236793518,0.3392066955566406,-1.744734287261963,-1.4605891704559326
1.08,-0.003700956702232361,-0.04880485311150551,-0.06162767857313156,-0.0022593403700739145,-8.358996654578288e-12,-8.358981909428742e-12,744.666138223068,0.20949811943504879,0.006388636130596686,12.403381901833914,-4.3824522959027945,-4.3824522959027945,12.12244987487793,-1.4693877696990967,-0.7346938848495483,0.0,37.5,-184.0,1.4722062017484883,30.71184011201402,-191.888012674545,0.0,37.500001036361795,-184.00000229135898,-0.065470390021801,-0.6129667162895203,-0.7899778485298157,0.07793880999088287,-2.2564516067504883,-1.9668195247650146
1.12,0.004903525114059448,-0.05084339901804924,-0.06366622447967529,2.9111203031506605e-11,-6.897102246966602e-12,-6.897102246966602e-12,744.9126203209906,0.20880628922696928,0.006388636130596685,12.898404711173644,-4.495675772702802,-4.495675772702802,12.12244987487793,-1.4693877696990967,-0.7346938848495483,0.0,38.888888888888886,-184.0,1.4722062017484883,30.71184011201402,-191.888012674545,0.0,38.88888995984296,-184.0000022781467,0.02785862237215042,-0.6425623893737793,-0.8188106417655945,1.2959091663360596,-2.324958324432373,-2.024763584136963
1.16,0.0007200688123703003,-0.04640769213438034,-0.06564193218946457,-0.00015868312038946897,1.45251614555586e-11,-5.687659978409476e-12,744.8954017829873,0.20895283550087027,0.006388636130596686,13.395364718780574,-4.605414951192703,-4.605414951192703,12.85714340209961,-1.8367347717285156,-0.7346938848495483,0.0,40.27777777777778,-184.0,2.2097224891902245,32.88343897175995,-191.91502259076668,0.0,40.27777888297614,-184.00000226453784,0.02646017074584961,-0.5932161808013916,-0.8461164236068726,0.11595876514911652,-2.030841112136841,-2.0082051753997803
1.2,-0.0034284591674804688,-0.04832232743501663,-0.06755656749010086,-5.4734896366426256e-06,-6.444819938139501e-12,-6.444819938139501e-12,744.9120266343322,0.20958807839454652,0.006388636130596687,13.894198429557996,-4.711672158907749,-4.711672158907749,13.591836929321289,-1.8367347717285156,-0.7346938848495483,0.0,41.666666666666664,-184.0,2.2153883034441897,34.709193309908336,-192.38789021375098,0.0,41.66666780575572,-184.0000022505394,-0.05900277942419052,-0.6269102692604065,-0.8778122067451477,0.01667724922299385,-2.0985896587371826,-1.995916485786438
1.24,0.0052772462368011475,-0.05017761141061783,-0.06941185146570206,3.461673309113067e-11,-7.377215158199668e-12,-7.377215158199668e-12,744.9126203203934,0.20880016530939532,0.006388636130596686,14.394842367458807,-4.814449901717382,-4.814449901717382,13.591836929321289,-1.8367347717285156,-0.7346938848495483,0.0,43.05555555555556,-184.0,2.2153883034441897,34.709193309908336,-192.38789021375098,0.0,43.05555672817623,-184.00000223615822,0.029416650533676147,-0.6564342379570007,-0.918199896812439,1.2345689535140991,-2.1162075996398926,-2.0634639263153076
1.28,-0.005219906568527222,-0.051970064640045166,-0.0712043046951294,-0.17921027541160583,-9.804614585495752e-12,-9.804614585495752e-12,691.8760364914245,0.17598837690399968,0.006388636130596685,14.89723312286779,-4.9137508572308715,-4.9137508572308715,14.693878173828125,-1.8367347717285156,-0.7346938848495483,0.0,44.44444444444444,-184.0,2.2235584030231474,37.46872548256822,-193.06834205878258,0.0,44.444445650232446,-184.00000222140136,-0.12699174880981445,-0.6719324588775635,-0.9230173230171204,-0.10799761116504669,-2.4884016513824463,-2.251882553100586
1.32,-0.002862781286239624,-0.053704917430877686,-0.06652774661779404,-1.0385118912381586e-05,-8.107391494260874e-12,2.028290145972278e-05,744.9114938733353,0.20944525800337996,0.006388636130596687,15.40130739936408,-5.009577868037077,-5.009577868037077,15.061224937438965,-1.8367347717285156,-1.1020407676696777,0.0,45.83333333333333,-184.0,1.481212645287172,38.73915989924034,-192.82492795886,0.0,45.83333457191957,-184.00000220627564,-0.04917031526565552,-0.6422063708305359,-0.8195088505744934,-0.12131927162408829,-2.419844388961792,-1.8723026514053345
1.36,0.0059354305267333984,-0.05537694692611694,-0.06178836151957512,3.182194091566615e-11,-6.047504944733939e-12,3.063120937452091e-11,744.9126203206968,0.2087910704234863,0.006388636130596686,15.907002059787752,-5.101933934782608,-5.101933934782608,15.061224937438965,-1.8367347717285156,-1.4693877696990967,0.0,47.22222222222222,-184.0,0.7391470823764217,39.081904880139554,-192.3596311709356,0.0,47.22222349323305,-184.0000021907881,0.03339949622750282,-0.7101894021034241,-0.8149716854095459,1.3726084232330322,-2.78647780418396,-2.1239094734191895
1.4,0.0019387304782867432,-0.056987881660461426,-0.0633992999792099,-1.4966291189193726,-6.405602610837224e-12,-6.405620391752853e-12,465.06089280290126,0.05116933221971431,0.006388636130596686,16.414254171537817,-5.190822209093098,-5.190822209093098,15.795919418334961,-1.8367347717285156,-1.4693877696990967,0.0,48.61111111111111,-184.0,0.7408489293710259,40.93467622172932,-192.77747619701043,0.0,48.61111241416859,-184.00000217494568,-0.3852158188819885,-0.7336702346801758,-0.8334778547286987,0.3885957896709442,-2.7427873611450195,-2.2391223907470703
1.44,0.004381388425827026,-0.058539487421512604,-0.06495089828968048,-0.005989956669509411,-1.0445807419046105e-07,-1.0445755549426394e-07,744.240985130375,0.2083582251226126,0.006388636130596685,16.923001051032262,-5.2762459863421025,-5.2762459863421025,16.163265228271484,-1.8367347717285156,-1.4693877696990967,0.0,50.0,-184.0,0.7416772670621307,41.865106603463424,-192.98044017048886,0.0,50.00000133472221,-184.0000021587553,0.03631969541311264,-0.4900025725364685,-0.5555351972579956,0.3757678270339966,-1.5663704872131348,-1.25949227809906
1.48,0.00684848427772522,-0.06002999097108841,-0.06644140183925629,-7.747812560410239e-07,-5.926731761612958e-12,-5.926731761612958e-12,744.912536287411,0.20878128313761377,0.006388636130596684,16.923001051032262,-5.2762459863421025,-5.2762459863421025,16.530611038208008,-1.8367347717285156,-1.4693877696990967,-0.0,50.0,-184.0,0.7424904053955577,42.79822060228162,-193.17939483447716,0.0,50.00000133472221,-184.0000021587553,0.04960637912154198,-0.7888012528419495,-0.8836748600006104,1.4075626134872437,-2.416172981262207,-1.9334089756011963
1.52,0.00684848427772522,-0.06002999097108841,-0.06002999097108841,-2.490754820225334e-19,-1.9053176005794897e-24,1.0833050900771468e-08,744.9126203241482,0.20878134051093133,0.006388636130596685,16.94641070099624,-2.0717196219911873,-7.210784685467542,16.530611038208008,-1.8367347717285156,-1.8367347717285156,-10.064926004433003,48.97649706262472,-185.33870967741936,0.0,43.13227795619587,-192.70302165616943,-10.064926295432254,48.97649836439596,-185.33871183506614,0.04985581338405609,-0.7931097745895386,-0.8081701993942261,1.5003098249435425,-2.7674546241760254,-2.266263961791992
1.56,0.007256865501403809,-0.010512333363294601,-0.07456088811159134,1.173237722251752e-12,-8.672471449244767e-05,4.787532806396484,744.912620324021,0.20877785910701419,0.006388636130596687,16.415310670689067,1.3076015945280586,-8.701293869212176,16.530611038208008,-1.4693877696990967,-2.9387755393981934,-19.71779275566593,45.94789058101153,-186.67741935483872,-2.952150000141178,43.79047481984347,-191.7229160928937,-19.7177933185832,45.94789180030093,-186.67742150654593,0.06009822338819504,-0.19573016464710236,0.3279920220375061,1.3649693727493286,-0.11670280992984772,-2.6161727905273438
1.6,-0.008423984050750732,0.022821925580501556,-0.0749293714761734,-5.2735999594988314e-11,-0.15604367852210999,0.13535238802433014,744.9126203184284,0.21302036263535787,0.006388636130596687,15.36472082258052,4.721795795456593,-9.688495250932984,16.897960662841797,0.0,-4.408163070678711,-28.563410754739614,41.03817206036381,-188.01612903225805,-8.860688806740551,44.690673016552864,-191.70895631776165,-28.56341155823119,41.038173151186605,-188.01613117619993,-0.12282413244247437,0.1737779676914215,-0.946467399597168,-0.04281720891594887,0.6491199135780334,-1.9047859907150269
1.64,-0.02676042914390564,0.024708230048418045,-0.06651361286640167,-5.3445334963209135e-11,-0.5073499083518982,7.12094915797934e-05,750.1011071970992,0.5109009369126899,0.004315189240368581,13.846087757337703,8.028891677462951,-10.134767845918113,16.897960662841797,3.3061225414276123,-5.877551078796387,-36.239639361456,34.44834595378433,-189.3548387096774,-18.60279178633012,42.91507168717764,-193.340094299162,-36.239640364877786,34.44834687507063,-189.35484084740733,-0.353988915681839,0.1485133320093155,-0.8783583045005798,-0.3669518232345581,-0.1305164098739624,-1.831336498260498
1.68,-0.04044216871261597,0.018313884735107422,-0.06148017197847366,0.04253020137548447,-1.0504056215286255,5.735789159189153e-07,750.1011071970989,0.4962593260991156,0.004359790717623179,11.929991363927133,11.097850958755014,-10.020881574987662,16.163265228271484,6.9795918464660645,-6.612245082855225,-42.432212874737544,26.44820051634812,-190.69354838709677,-27.823822460495673,38.09667016379724,-195.56029326139185,-42.432214031040004,26.44820123290964,-190.69355052271663,-0.5091677308082581,-0.4449988007545471,-0.8112790584564209,-0.5670264363288879,0.29467883706092834,-1.7713735103607178
1.72,-0.05465017259120941,0.014175325632095337,-0.05949225276708603,0.004082409664988518,-3.53043794631958,5.624643546059405e-12,750.1011071970989,0.5519235059051156,0.004276747269403313,9.707644493738394,13.818836824454419,-9.34366719483627,15.061224937438965,10.285714149475098,-6.612245082855225,-46.88760660735402,17.365262642241014,-192.03225806451613,-34.994613125691835,31.81744691523118,-197.91314852848646,-46.88760786545802,17.365263125677554,-192.0322602030171,-0.7045107483863831,-1.2332594394683838,-0.8032125234603882,-1.065964937210083,0.048351436853408813,-2.2283389568328857
1.76,-0.061381325125694275,0.016784071922302246,-0.04767289012670517,0.13153640925884247,-0.185076043009758,3.420111416296834e-11,750.1011071970989,0.5571771715404144,0.004276747269403314,7.289502771087802,16.10852817647714,-8.115462722650118,13.22449016571045,12.85714340209961,-6.612245082855225,-49.42341621640557,7.571388875228835,-193.3709677419355,-40.530238546806196,24.297584689954913,-198.71755939828384,-49.423417523084495,7.571389105093812,-193.37096988732705,-0.7447075843811035,0.07912886142730713,-0.6613160967826843,-1.5722017288208008,0.6151204705238342,-1.903930902481079
1.8,-0.06511664390563965,0.011866986751556396,-0.03264816850423813,0.47486412525177,-0.4234544038772583,-1.4726194422109984e-05,750.1011071970992,0.5308908641390075,0.0042772099220163605,4.800028895070863,17.9103755636512,-6.365434072045864,11.020408630371094,15.428570747375488,-6.244897842407227,-49.93582535855264,-2.532458441935632,-194.70967741935485,-45.36813820195189,15.379617382461985,-199.41481252379444,-49.93582666015292,-2.5324584766411067,-194.7096795732227,-0.7085546255111694,-0.03333094343543053,-0.4849480092525482,-1.6008851528167725,0.5235641598701477,-1.3151285648345947
1.84,-0.06368671357631683,0.011259019374847412,-0.002103157341480255,0.30768057703971863,-0.058897119015455246,8.902968640089881e-11,750.1011071970992,0.5409524870462846,0.004276747269403314,2.3690531850014525,19.19138800603038,-4.142161008286431,8.448980331420898,17.26530647277832,-6.244897842407227,-48.40385594331021,-12.53262661293602,-196.0483870967742,-49.07954996308254,6.828106801676365,-198.22661461546264,-48.40385718763457,-12.532626912217655,-196.04838925773944,-0.7167559266090393,0.06661462038755417,-0.10617531836032867,-1.5810877084732056,0.8911308646202087,0.07096225023269653
1.88,-0.06123402342200279,0.001559615135192871,0.017464764416217804,1.1019854545593262,-0.6686559915542603,-0.25496160984039307,750.101107197099,0.30481942010025076,0.0055247014094683975,0.12163208418505335,19.93763441104811,-1.5162301296317156,5.877551078796387,19.102041244506836,-5.142857074737549,-44.89022697853708,-22.019707577881718,-197.38709677419354,-50.80876217429339,-2.9621925562288927,-198.4190251640841,-44.89022811695655,-22.01970812968448,-197.3870989384351,-0.4668534994125366,-0.16902750730514526,0.06227808818221092,-0.9657895565032959,-0.2076539397239685,0.5387647747993469
1.92,-0.061991818249225616,0.0017603933811187744,0.012005798518657684,0.1556999236345291,-5.431731551652774e-05,-4.233216762542725,750.1011071970988,0.5559290100827784,0.004276747269403314,-1.831033947656842,20.150310163762008,1.4188759322032274,3.6734695434570312,19.83673667907715,-2.2040815353393555,-39.538786846884925,-30.605299127383145,-198.7258064516129,-46.77861762856587,-12.817023313054825,-200.84399549695883,-39.53878783643194,-30.60529990752787,-198.72580861424166,-0.7443619966506958,-0.019848285242915154,-1.0590908527374268,-1.2177985906600952,0.0800752341747284,-0.0917351171374321
1.96,-0.06401404738426208,-0.0009386837482452393,0.01194164901971817,0.6719613075256348,-0.00014259439194574952,-0.1049995943903923,750.101107197099,0.49867077804276566,0.004351924903804489,-3.3976250655741933,19.843477867998725,4.549254063166903,1.8367347717285156,20.204082489013672,0.7346938848495483,-32.56862413611111,-37.93790613463955,-200.06451612903226,-41.80753310136647,-21.455043188296212,-202.94704176852633,-32.56862494115453,-37.93790710799657,-200.0645182857905,-0.6432626247406006,-0.044194575399160385,0.030574467033147812,-1.3456647396087646,-0.17423173785209656,0.2889004945755005
2.0,-0.05929930508136749,-0.006293356418609619,0.015286125242710114,0.24047967791557312,-1.5574957989983318e-11,-0.050054922699928284,750.1011071970989,0.5492433078562744,0.004276747269403314,-4.509059462790818,19.04383146316589,7.7472394283460915,0.0,20.204082489013672,3.6734695434570312,-24.26509812655405,-43.717330807229104,-201.40322580645162,-35.81178672905266,-29.669233298128034,-204.30684274718453,-24.26509871976842,-43.71733192992601,-201.4032279551009,-0.693263828754425,-0.1323784440755844,0.10663019865751266,-1.3877291679382324,0.02360326051712036,0.5423392057418823
2.04,-0.05946440249681473,-0.02666214108467102,0.01339729130268097,0.11276773363351822,-1.5602491520994022e-09,-0.4197080731391907,750.101107197099,0.5580029638382651,0.004276747269403313,-5.117937939749441,17.792183492275473,10.881522913645703,-1.1020407676696777,20.571428298950195,6.9795918464660645,-14.968156148667902,-47.70696282000244,-202.74193548387098,-29.927015137149994,-37.29227001669411,-206.88709627297402,-14.968156511304,-47.70696404214925,-202.7419376247799,-0.7302504181861877,-0.3776811361312866,-0.031258516013622284,-1.9945991039276123,-1.0931484699249268,0.20695960521697998
2.08,-0.05726713687181473,-0.04209527373313904,0.01680983603000641,9.786498594621662e-06,-4.1370112197069986e-11,-0.6828820109367371,750.101107197099,0.5589808368903105,0.004276747269403313,-5.1965517370208145,16.145820959469717,13.828449135605824,-1.8367347717285156,20.204082489013672,9.918368339538574,-5.058416099371614,-49.74346616959476,-204.0806451612903,-22.91884565573082,-42.611483908768044,-208.78809417483853,-5.0584162211115995,-49.743467437990894,-204.08064729706786,-0.742883563041687,-0.5646376013755798,-0.00875148642808199,-2.1066911220550537,-1.777132272720337,0.035937074571847916
2.12,-0.052229300141334534,-0.05159616470336914,0.01695162057876587,1.3954473687682878e-10,0.4864151179790497,-2.9194109439849854,750.1011071970989,0.5391014738941803,0.004276747269403314,-4.7349263829926675,14.180433204893431,16.48159680052191,-2.2040815353393555,19.102041244506836,12.85714340209961,5.058416099371602,-49.74346616959476,-205.41935483870967,-14.051593616431212,-46.094401198831235,-210.4629228308251,5.058416220608108,-49.74346743012905,-205.41935697308665,-0.6745078563690186,-0.5699765682220459,-1.0300039052963257,-1.6960588693618774,-1.2752143144607544,0.4839456379413605
2.16,-0.04417111724615097,-0.06025317311286926,0.011967390775680542,1.9697965480958146e-11,0.01931053027510643,-1.0488851070404053,750.1011071970989,0.5110346236480147,0.00431518924034146,-3.739906463975168,11.990139297888026,18.75748987862911,-2.2040815353393555,17.632652282714844,15.795919418334961,14.968156148667887,-47.706962820002445,-206.75806451612902,-4.171169074719981,-48.24203754489965,-212.07706295602765,14.968156506731518,-47.70696401977221,-206.75806665252486,-0.5795055627822876,-0.7784885168075562,-0.5516957640647888,-1.2140355110168457,-1.6412347555160522,0.4221632182598114
2.2,-0.0268050879240036,-0.053601235151290894,0.006809443235397339,4.999323524601529e-11,2.1214535236358643,-0.2512461245059967,750.101107197099,0.5109029302961969,0.004315189240365806,-2.235637985467809,9.684471310182719,20.596913316477227,-2.2040815353393555,15.061224937438965,18.367347717285156,24.26509812655404,-43.71733080722911,-208.09677419354838,7.506476040462878,-48.23865392703209,-211.98617329664881,24.265098706893365,-43.717331896580205,-208.096776333825,-0.3604362905025482,0.22371546924114227,-0.06353641301393509,-0.5336300730705261,-1.2804425954818726,0.23024927079677582
2.24,-0.006961509585380554,-0.04896165430545807,0.00044459104537963867,-2.4403175302722957e-06,0.3044879734516144,-0.019231228157877922,744.9123556337013,0.2114157070858454,0.006388636130596687,-0.2651349697802034,7.382100992436891,21.962833856707654,-1.8367347717285156,12.489795684814453,20.571428298950195,32.568624136111104,-37.937906134639555,-209.43548387096774,18.326737647581062,-46.86673673402151,-211.67929564467343,32.568624915647824,-37.93790706927181,-209.43548601478076,-0.127511128783226,-0.5790138840675354,-0.058777596801519394,-0.1935192495584488,-0.9866317510604858,-0.7679256200790405
2.28,0.001784545835107565,-0.0442662239074707,-0.0013616681098937988,-0.04267947003245354,0.29797473549842834,-0.00929651316255331,738.8662973004655,0.20482030014734992,0.006388636130596685,2.107996036567394,5.202341717491665,22.83667578954966,-0.36734694242477417,9.918368339538574,22.040817260742188,39.53878684688493,-30.605299127383134,-210.7741935483871,27.511709430064524,-41.94238003647272,-212.28554284737788,39.538787794262944,-30.60529987044348,-210.77419569333654,-0.03586385399103165,-0.5210980176925659,-0.08254031091928482,-0.043318621814250946,-0.8596320152282715,-0.2994406223297119
2.32,-0.0016769394278526306,-0.037431009113788605,0.0010679662227630615,-2.3387556076049805,1.1137388944625854,-2.4216875317506492e-05,465.0608928029012,0.042673648548578,0.006388636130596686,4.799036371624525,3.2563779656583094,23.21463326443068,2.2040815353393555,7.3469390869140625,22.775510787963867,44.890226978537086,-22.01970757788171,-212.11290322580646,35.09600555752899,-33.346573820516674,-213.70878733670494,44.89022805501005,-22.019708101742673,-212.11290536831197,-0.681334376335144,-0.2565948963165283,-0.04712627828121185,0.4199303686618805,0.2311987280845642,-0.2716914415359497
2.36,0.00040996819734573364,-0.04574771597981453,0.0012521147727966309,-0.4307312071323395,0.08117879927158356,-1.3868693971019752e-09,510.32434662340097,0.08270384841761401,0.006388636130596685,7.704241968549939,1.6402187071901086,23.105170237632095,4.775510311126709,5.877551078796387,23.142858505249023,48.40385594331021,-12.532626612936024,-213.4516129032258,39.51317961837539,-25.6388625082957,-215.8037519400378,48.40385710432829,-12.532626900301063,-213.4516150397878,-0.12063927948474884,-0.37647372484207153,-0.054826755076646805,-0.6269820928573608,-0.255645751953125,0.08187494426965714
2.4,0.006235376000404358,-0.04831007122993469,-0.0006572604179382324,-0.9448097944259644,3.3902573585510254,-5.54796443161254e-12,465.0608928029013,0.06008756856826227,0.006388636130596685,10.706353684437484,0.4305323075002281,22.52822237301861,7.3469390869140625,4.408163070678711,23.142858505249023,49.93582535855264,-2.532458441935633,-214.79032258064515,43.00205575152675,-17.245372036188083,-217.28159190836027,49.93582655587083,-2.53245848608058,-214.7903247090112,-0.21490807831287384,0.7382166981697083,-0.06397373229265213,-0.3044109046459198,-0.7176027297973633,-0.009456567466259003
2.44,0.0009309351444244385,-0.05660049617290497,-0.010727792978286743,-1.6075562238693237,0.0007243127329275012,-2.887244263116706e-11,465.06089280290126,0.04986711750940137,0.006388636130596686,13.683166615000156,-0.31666403326856596,21.51604044190462,10.653061866760254,3.6734695434570312,23.142858505249023,49.42341621640557,7.571388875228833,-216.1290322580645,45.129196414443335,-7.803097581426299,-220.42128003563107,49.42341740039225,7.571389070974364,-216.12903437787733,-0.4564588665962219,-0.5042207837104797,-0.14691956341266632,-0.11996829509735107,-0.9582184553146362,-0.05261937901377678
2.48,0.014417409896850586,-0.05681876838207245,-0.02839401364326477,-0.1292635053396225,0.005819466896355152,-1.010935079648334e-06,714.9363214124216,0.18910697077181393,0.006388636130596687,16.517481677844238,-0.5653902002473625,20.115119085885265,12.85714340209961,2.9387755393981934,23.142858505249023,46.88760660735402,17.365262642241014,-217.46774193548387,47.005940469533414,-1.0226802393067773,-221.84740810318226,46.88760772920564,17.365263065447746,-217.46774404821323,0.02667897753417492,-0.5014711022377014,-0.29763954877853394,0.3624410927295685,-1.381711721420288,-0.22738170623779297
2.52,0.006182551383972168,-0.054747987538576126,-0.04643291234970093,-1.3060003519058228,0.0003799385158345103,4.441276905708946e-05,465.06089280290126,0.05380902673518247,0.006388636130596686,19.106057572804612,-0.29841189458372674,18.388234114382744,16.163265228271484,2.5714285373687744,22.775510787963867,42.432212874737544,26.44820051634812,-218.80645161290323,47.357181597809415,8.935947741753104,-224.5918104476917,42.432213888461135,26.44820114653097,-218.80645372114623,-0.3159634470939636,-0.6903185248374939,-0.6156913042068481,-0.15276703238487244,-2.050896644592285,-1.142468810081482
2.56,7.084012031555176e-05,-0.04367654398083687,-0.07016158103942871,-1.43366539478302,5.370360822709586e-10,7.516842015320435e-05,465.0608928029013,0.05197142491684191,0.006388636130596687,21.365548269971764,0.48368329322580994,16.41534880919797,19.102041244506836,2.2040815353393555,22.40816307067871,36.239639361456,34.448345953784326,-220.14516129032256,47.56936397251384,18.135817664317358,-226.53362621120854,36.23964022564761,34.44834676335252,-220.14516339676788,-0.6551849842071533,-0.39341461658477783,-0.6113684177398682,0.16273890435695648,-1.1187251806259155,-0.9366336464881897
2.6,0.001036316156387329,-0.036437734961509705,-0.08536094427108765,-0.2214001715183258,-1.2783288955688477,0.009233543649315834,666.5214260990275,0.15973729045063187,0.006388636130596686,23.234630276352906,1.7624977512015216,14.292226246919443,21.306123733520508,2.5714285373687744,21.306123733520508,28.56341075473962,41.03817206036381,-221.48387096774195,44.2476026460934,25.54636529871762,-228.27370252469638,28.563411434256402,41.0381730155076,-221.4838730741722,-0.11366640776395798,-0.6849027872085571,-0.72193443775177,0.14209532737731934,-0.995130181312561,-0.9829643368721008
2.64,-0.004810214042663574,-0.02052988111972809,-0.07753616571426392,-2.0936989784240723,-2.6714229583740234,3.4612183570861816,465.0608928029013,0.04465093092756553,0.006388636130596686,24.672869282030717,3.500981383903185,12.126152144108088,23.510204315185547,2.9387755393981934,18.734695434570312,19.717792755665936,45.94789058101153,-222.82258064516128,37.12077365964655,35.01666390118114,-228.33346779094055,19.717793223230164,45.94789164268712,-222.82258275182383,-0.9665748476982117,-1.001488208770752,0.3628004789352417,0.012823684141039848,-0.43243828415870667,-1.2584656476974487
2.68,0.0010586082935333252,-0.0030101649463176727,-0.07046008110046387,-0.24812811613082886,-0.24807164072990417,0.11709277331829071,647.8843805612637,0.1490148459157749,0.006388636130596686,25.657701315925028,5.64237176532368,10.029144431402703,24.612245559692383,3.6734695434570312,16.163265228271484,10.064926004433014,48.97649706262472,-224.16129032258064,29.183123343371697,40.74672063198871,-227.74967358302507,10.064926242058748,48.97649818780421,-224.16129242812394,-0.07492522150278091,-0.15180760622024536,-0.5912858843803406,0.012725785374641418,-0.5728240609169006,-0.6730231046676636
2.72,0.005423784255981445,0.015130072832107544,-0.05577006936073303,-3.076092616538517e-05,-0.08111412078142166,4.868401050567627,744.9092835806994,0.20879568629879325,0.006388636130596687,26.181032382006634,8.109987756862653,8.109987756862662,25.346939086914062,4.775510311126709,13.22449016571045,1.2246467991473532e-14,50.0,-225.5,19.607866005599284,45.306024754803666,-226.69309418438985,1.2033874066735997e-14,50.00000114325184,-225.5000021019788,0.04229000583291054,0.06544522941112518,0.6834731101989746,0.4616168141365051,0.9156438112258911,-1.109226942062378
2.76,-0.004677146673202515,0.0004950910806655884,-0.0572076290845871,-0.009195750579237938,-2.9327552318573,0.2982907295227051,743.8597439998902,0.20929240639552038,0.006388636130596686,26.24660909502345,10.809060086860155,6.466856337413449,26.4489803314209,8.081632614135742,11.387755393981934,-10.06492600443299,48.97649706262473,-226.83870967741936,7.767031654186093,47.14557663008104,-230.30610682214973,-10.064926239113188,48.976498177952365,-226.83871177316854,-0.10664594173431396,-0.8639048337936401,-0.6902956962585449,0.09024770557880402,0.38245072960853577,-0.9837695360183716
2.8,-0.003532230854034424,0.002723380923271179,-0.05382806062698364,3.3276578107616084e-12,-0.5375856161117554,0.5277344584465027,744.9126203237871,0.20961761322360262,0.006388636130596686,25.868788275619313,13.631391701024409,5.181935144702023,26.4489803314209,10.653061866760254,9.551020622253418,-19.717792755665915,45.947890581011535,-228.17741935483872,-2.6011198943847815,46.33293522831962,-231.53114271238064,-19.717793211894122,45.94789162377691,-228.17742144237747,-0.0835004523396492,-0.15344573557376862,-0.6005712747573853,0.005234710872173309,-0.5393480658531189,-1.0482181310653687
2.84,-0.010126084089279175,0.007101923227310181,-0.05702129751443863,-1.9199185644080963e-11,-0.11536700278520584,2.112473726272583,744.9126203220659,0.21605252079110587,0.006388636130596687,25.072824513772424,16.462731340336575,4.318557792877297,26.4489803314209,13.22449016571045,8.448980331420898,-28.5634107547396,41.03817206036383,-229.51612903225805,-11.361551163525816,44.549074577698924,-233.40209536487257,-28.563411410302116,41.03817298911062,-229.5161311108858,-0.15834979712963104,-0.02406277507543564,0.15654538571834564,0.0849638283252716,0.4255553185939789,-1.644932746887207
2.88,-0.02401888370513916,0.005226105451583862,-0.06567730754613876,-4.015947643876139e-11,-4.822393417358398,9.547380130925376e-08,750.1011071970988,0.5106995853505893,0.0043151892403579025,23.896348734382826,19.19163361210924,3.92046367885541,26.4489803314209,16.163265228271484,8.081632614135742,-36.239639361455986,34.44834595378434,-230.8548387096774,-19.49478396560903,41.3234164179876,-236.58455259872295,-36.239640186537805,34.44834673184497,-230.8548407800643,-0.3290538489818573,-1.3577531576156616,-0.8829197287559509,-0.3557295799255371,0.6935173273086548,-1.6000676155090332
2.92,-0.03814125061035156,0.01438593864440918,-0.059802643954753876,6.470635980804218e-06,-0.11483461409807205,1.2845935821533203,750.101107197099,0.5110309685898821,0.004315194440384971,22.391320623732398,21.717845639575888,4.012243839636033,26.081632614135742,18.367347717285156,7.3469390869140625,-42.43221287473754,26.44820051634814,-232.19354838709677,-26.7531771891278,38.188938568776074,-237.68108930634207,-42.432213833494316,26.448201113210228,-232.19355045088503,-0.5181660652160645,0.0680791586637497,-0.48755279183387756,-1.1415199041366577,0.6570793390274048,-1.6672983169555664
2.96,-0.051585644483566284,0.013596534729003906,-0.05820217728614807,0.030579546466469765,-2.100224256515503,4.2594087978908846e-12,750.1011071970989,0.5302787090500288,0.0042775878459259155,20.625440978679805,23.95836236159906,4.600000391608106,25.346939086914062,20.93877601623535,7.3469390869140625,-46.887606607354016,17.365262642241035,-233.53225806451613,-33.39726268035451,32.43483603652963,-239.92703234595083,-46.88760765942921,17.36526303470163,-233.53226012362092,-0.6740788817405701,-0.8248025178909302,-0.8097831606864929,-1.6098544597625732,0.012986630201339722,-2.244331121444702
3.0,-0.05676072835922241,0.014233887195587158,-0.047943130135536194,0.11259526759386063,-0.4145756661891937,2.5443237794409157e-11,750.101107197099,0.5540166947068009,0.004276747269403314,18.6819325723832,25.85018696503498,5.671566391141009,23.87755012512207,23.142858505249023,7.3469390869140625,-49.42341621640556,7.571388875228859,-234.8709677419355,-39.140895676312596,24.800943446339275,-240.8641768637541,-49.42341731841188,7.571389048356713,-234.87096979781262,-0.7230291962623596,0.003498766338452697,-0.6825452446937561,-1.5506268739700317,0.43137672543525696,-1.720975637435913
3.04,-0.05862417817115784,0.008783549070358276,-0.029240183532238007,0.09555204957723618,-0.5713916420936584,4.633654571151169e-11,750.101107197099,0.5586659979657802,0.004276747269403314,16.656895630870522,27.349997803595997,7.19613817033026,22.040817260742188,25.346939086914062,7.3469390869140625,-49.93582535855264,-2.532458441935609,-236.20967741935482,-44.905639575760844,15.995317230090235,-241.03023006814047,-49.935826465615534,-2.532458494057198,-236.20967947248008,-0.7546870112419128,-0.07047265022993088,-0.44659069180488586,-1.408835768699646,0.2879750430583954,-0.7439122796058655
3.08,-0.061910003423690796,0.0029029548168182373,-0.009044036269187927,0.018965676426887512,-0.5709298849105835,-5.679065111507953e-07,750.1011071970988,0.5607880130545917,0.004276747269403314,14.654146991811503,28.431773715603686,9.123707382544039,20.204082489013672,27.183673858642578,7.714285373687744,-48.40385594331021,-12.532626612936044,-237.5483870967742,-48.89714457747536,7.252742646724789,-241.1288511933427,-48.403857010740154,-12.532626886777035,-237.54838914649443,-0.7964863777160645,-0.20135922729969025,-0.20165330171585083,-1.7395046949386597,0.4574047327041626,0.05640757828950882
3.12,-0.05839696526527405,0.0025497078895568848,0.011776089668273926,0.20659789443016052,-0.004266235511749983,-0.09585490077733994,750.1011071970992,0.5524300589267255,0.004276747269403314,12.77833105003254,29.083704130962634,11.385111452287845,18.0,28.285715103149414,8.448980331420898,-44.89022697853709,-22.01970757788169,-238.88709677419354,-50.02075379665222,-1.8920103094962537,-240.59931061126014,-44.890227963595,-22.019708060471608,-238.88709881898436,-0.7245042324066162,-0.0006033536628820002,0.014582769013941288,-1.1060922145843506,-0.025028228759765625,0.8468838930130005
3.16,-0.05266737937927246,-0.0053067803382873535,0.006365075707435608,1.5272722244262695,-4.5619707107543945,-2.8411295413970947,712.0990970366066,0.19197799214894054,0.006388636130596687,11.127716779715376,29.30551074460525,13.89369428016753,15.795919418334961,29.38775634765625,11.020408630371094,-39.53878684688492,-30.60529912738315,-240.2258064516129,-47.06993147576092,-13.609028938645974,-242.77991205005912,-39.538787710512665,-30.60529979686685,-240.22580848963474,-0.31513261795043945,-1.3809263706207275,-0.7704246640205383,-0.7994670271873474,-0.3662707805633545,0.4093831777572632
3.2,-0.05583012104034424,-0.0014356374740600586,0.005268499255180359,0.1314619928598404,9.886210773635273e-12,-2.5006628036499023,750.101107197099,0.5493308986934617,0.004276747269403313,9.788122924079953,29.106885546045785,16.54932769610454,14.326530456542969,29.38775634765625,13.591836929321289,-32.56862413611113,-37.93790613463952,-241.56451612903226,-40.99381261537285,-21.565202501626676,-244.78103361633862,-32.5686248444734,-37.93790696139656,-241.5645181587653,-0.6800119280815125,-0.0857783779501915,-1.0639294385910034,-1.6777851581573486,0.09638840705156326,0.3850063681602478
3.24,-0.05997632443904877,-0.004901885986328125,0.006737560033798218,0.15536043047904968,-8.57871239323682e-12,-0.42176327109336853,750.1011071970987,0.555947975897838,0.004276747269403313,8.828849778503123,28.507300577783056,19.24484744004178,13.22449016571045,29.38775634765625,16.163265228271484,-24.265098126554044,-43.71733080722911,-242.90322580645162,-34.777438825278686,-28.56122612205784,-246.88651315057277,-24.265098652293776,-43.7173317554395,-242.90322782716257,-0.7492812275886536,-0.1260932832956314,-0.08335233479738235,-1.7867478132247925,-0.03358819708228111,-0.1690235286951065
3.28,-0.057485029101371765,-0.015366882085800171,0.008903026580810547,0.001632501371204853,-3.047072663631134e-11,-2.753383159637451,750.1011071970989,0.5593057012044061,0.004276747269403314,8.300686654011697,27.53704111623567,21.874018730928498,12.12244987487793,29.38775634765625,18.734695434570312,-14.968156148667934,-47.70696282000243,-244.24193548387098,-28.368790852055447,-35.61080181129209,-248.57486978243418,-14.968156471866829,-47.706963849448854,-244.24193749574798,-0.7650455832481384,-0.24599763751029968,-0.7050536274909973,-1.4382027387619019,-0.2450019121170044,0.6222254037857056
3.32,-0.0538792759180069,-0.03230178356170654,0.016322731971740723,1.860323095570493e-08,-5.7950404891427e-11,-0.2526829242706299,750.101107197099,0.5488684648233734,0.004276747269403314,8.235422327420148,26.238955885524522,24.339419424184243,11.387755393981934,29.38775634765625,20.93877601623535,-5.0584160993716045,-49.74346616959476,-245.5806451612903,-22.751790321620565,-41.11745553656432,-250.05574303009806,-5.058416208258208,-49.74346723749705,-245.58064716523248,-0.7163950204849243,-0.46172431111335754,0.04454034939408302,-1.7912014722824097,-1.0794614553451538,0.24323095381259918
3.36,-0.04860757291316986,-0.048544734716415405,0.01447218656539917,7.364313048263682e-10,4.675011496146908e-06,-0.2612644135951996,750.1011071970989,0.511034623598457,0.004315189240917446,8.646037867300002,24.67011605826358,26.558544753326572,11.020408630371094,29.020408630371094,23.510204315185547,5.058416099371567,-49.74346616959476,-246.91935483870967,-15.028216828534692,-45.66553530951625,-252.07098083587826,5.058416207941874,-49.74346723235675,-246.9193568358926,-0.6461715698242188,-0.6526431441307068,0.012750029563903809,-1.736649513244629,-1.732242226600647,0.485793799161911
3.4,-0.04144124686717987,-0.05669298768043518,0.008322924375534058,1.7754579056949993e-11,0.013481597416102886,-1.7912837266921997,750.1011071970989,0.51103462333439,0.004315189240339897,9.526898555601122,22.90240858792926,28.467071097093566,11.020408630371094,27.918367385864258,26.081632614135742,14.9681561486679,-47.70696282000244,-248.25806451612902,-5.057795211066496,-48.063124510265936,-253.8284986100804,14.968156468993344,-47.70696383485262,-248.258066507526,-0.5683544874191284,-0.7481762766838074,-0.8283494710922241,-1.4620189666748047,-2.006755828857422,0.2053348422050476
3.44,-0.03247804939746857,-0.04907667636871338,0.009577184915542603,-4.233324091273971e-08,3.4364845752716064,-0.011235183104872704,750.1011071970988,0.5110158347163121,0.004315189274345739,10.853646758145082,21.02119427271579,30.019209421694363,11.387755393981934,25.71428680419922,27.918367385864258,24.26509812655401,-43.717330807229125,-249.59677419354838,6.066000152497902,-46.47415719086711,-254.16439121658698,24.26509864419717,-43.71733173378546,-249.5967761795738,-0.44659414887428284,0.6518993377685547,0.030676627531647682,-1.0292127132415771,-1.544490098953247,0.6767493486404419
3.48,-0.009322777390480042,-0.043441325426101685,0.004609405994415283,6.659094109462416e-11,1.2452040910720825,-0.11568579822778702,744.9126203169255,0.21443034974716632,0.006388636130596688,12.58297299514708,19.121626423162095,31.185921135613924,11.387755393981934,23.510204315185547,29.755102157592773,32.568624136111104,-37.93790613463955,-250.93548387096774,17.129004894846325,-45.9015482691045,-253.26650080699613,32.56862482840401,-37.93790693640828,-250.9354858513462,-0.16758842766284943,0.08336634933948517,-0.031162694096565247,-0.00883353129029274,-1.101300835609436,-0.2771928608417511
3.52,-0.004784703254699707,-0.038127124309539795,-0.0006735324859619141,-3.426863670349121,2.693566083908081,-2.5102663040161133,465.06089280290126,0.05136825932715563,0.006388636130596685,14.652863720787863,17.30295994673108,31.9521500982161,12.85714340209961,21.306123733520508,31.224491119384766,39.538786846884896,-30.60529912738318,-252.27419354838707,27.204116946974523,-40.77693069659658,-254.27478614349465,39.538787683856285,-30.60529977314483,-252.27419552227636,-1.3964037895202637,0.1736469715833664,-1.1048150062561035,-0.33284762501716614,-0.8179959058761597,-0.06163881719112396
3.56,0.005696237087249756,-0.05063343048095703,0.006289482116699219,-2.118391513824463,0.0644294023513794,-0.3517647683620453,465.06089280290126,0.044326578221569456,0.006388636130596688,16.984144282095514,15.661875702081295,32.314153702292074,14.326530456542969,20.204082489013672,31.591838836669922,44.89022697853708,-22.019707577881718,-253.61290322580646,31.252046664337918,-35.5458634620908,-255.6196986386266,44.89022792423995,-22.01970804286552,-253.612905192117,-0.6426247954368591,-0.45379185676574707,-0.1270931512117386,0.6827376484870911,-0.5781559944152832,-0.06477460265159607
3.6,0.007914870977401733,-0.05363041162490845,0.0126076340675354,-0.051744937896728516,2.4491798877716064,1.3706260952595084e-11,737.1639835089074,0.2035598692142686,0.0063886361305966885,19.48401174977032,14.286142401294937,32.27768790057632,16.530611038208008,18.734695434570312,31.591838836669922,48.403855943310205,-12.532626612936076,-254.9516129032258,35.2253045667689,-26.936450515976045,-257.2020772851226,48.40385695748156,-12.532626879693792,-254.95161486100542,-0.012783852405846119,0.42849910259246826,0.05005546286702156,0.15338677167892456,-0.9317928552627563,0.5193409323692322
3.64,0.0002550184726715088,-0.05199694633483887,-0.0008522868156433105,-2.5810914039611816,0.0955272912979126,-9.294298024542513e-07,465.06089280290126,0.05117327662929131,0.006388636130596687,22.051725866423457,13.24968718020039,31.857406475314807,19.46938705444336,17.26530647277832,32.32653045654297,49.93582535855264,-2.5324584419356455,-256.2903225806451,41.38953283878678,-17.237317447697485,-259.89154120490855,49.93582639849112,-2.5324585008869587,-256.2903245293707,-1.1338226795196533,-0.6878380179405212,-0.09368020296096802,0.5230075120925903,-1.4665385484695435,0.02529776468873024
3.68,0.006601393222808838,-0.04443991184234619,-0.00818789005279541,-0.09856273978948593,0.015962082892656326,-1.7588878270524688e-11,725.5351361285699,0.1959373428198109,0.006388636130596687,24.585835292801008,12.609516569468724,31.07746753262347,21.67346954345703,15.795919418334961,32.32653045654297,49.42341621640558,7.571388875228778,-257.6290322580645,45.23407440723234,-8.296972683216085,-260.55000564804584,49.42341723893087,7.571389025531225,-257.62903419773073,-0.05679645761847496,-0.41954362392425537,-0.1479927897453308,-0.06995825469493866,-0.6553753614425659,-0.012366663664579391
3.72,-0.0004615485668182373,-0.036379262804985046,-0.021799683570861816,-2.187880277633667,0.007228624541312456,-3.3273602623173915e-11,465.0608928029013,0.04372635573246963,0.006388636130596687,26.991615919003348,12.404273683303941,29.973012310554374,24.612245559692383,14.693878173828125,32.32653045654297,46.88760660735403,17.365262642241003,-258.9677419354839,48.18774407914026,2.52098343651639,-262.32778416118026,46.88760757071559,17.36526299505849,-258.96774386647843,-1.0101301670074463,-0.506210207939148,-0.3507296144962311,-0.17071682214736938,-1.1952178478240967,-0.3784252107143402
3.76,0.003059089183807373,-0.03996068239212036,-0.0410768985748291,-0.13439396023750305,-1.1943320464558038e-11,-6.429820564868294e-11,712.9102840842808,0.18790571097281744,0.0063886361305966885,29.18718370845649,12.653824496864777,28.591889761899882,26.816326141357422,14.693878173828125,32.32653045654297,42.43221287473758,26.448200516348074,-260.30645161290323,48.3702692939148,9.597127915773187,-264.8489840121023,42.43221374036805,26.44820105689429,-260.3064535357551,-0.043479762971401215,-0.38158726692199707,-0.39735329151153564,-0.5535860061645508,-0.9332865476608276,-0.5923680663108826
3.8,0.002911090850830078,-0.03560608625411987,-0.052358806133270264,-0.13256525993347168,1.2497505634534445e-11,0.2170957326889038,713.6411346566421,0.18837360589073837,0.006388636130596686,31.107167126331206,13.359230512725812,26.99578820275603,29.020408630371094,14.693878173828125,31.591838836669922,36.239639361456014,34.44834595378431,-261.64516129032256,46.31784104524488,18.104958644013607,-266.5850401200939,36.23964009549331,34.448346659612156,-261.6451632054452,-0.0787687599658966,-0.478244423866272,-0.6268290877342224,0.05921144038438797,-1.520646333694458,-1.2334789037704468
3.84,-0.0020470619201660156,-0.023294538259506226,-0.05457031726837158,-0.7535639405250549,4.461234853758711e-11,0.14768101274967194,465.0608928029013,0.06289965635372025,0.006388636130596688,32.70365800985948,14.5027166646182,25.259908222304603,31.224491119384766,14.693878173828125,30.12244987487793,28.563410754739664,41.038172060363785,-262.98387096774195,42.053191910119054,27.997889322144538,-267.3276796192635,28.563411329269332,41.03817290208497,-262.98387287526685,-0.27112555503845215,-0.35322368144989014,-0.6752020120620728,-0.42526504397392273,-0.6146481037139893,-1.0321722030639648
3.88,0.00017142295837402344,-0.003336697816848755,-0.05922183394432068,-1.7578368186950684,7.81577025321667e-11,0.30259159207344055,465.0608928029013,0.04818899444264007,0.006388636130596687,33.94497167002852,16.047642503342797,23.470579850984805,32.693878173828125,14.693878173828125,28.653060913085938,19.717792755665947,45.94789058101153,-264.3225806451613,37.78214535132225,35.44018660655182,-267.04974360465127,19.71779314965241,45.947891523396535,-264.3225825449036,-0.5307433605194092,-0.09681807458400726,-0.44523856043815613,-0.07195784896612167,-0.061874423176050186,-0.5747064352035522
3.92,0.002601921558380127,0.004392653703689575,-0.07121679186820984,-0.21500232815742493,-0.24571673572063446,0.01164712943136692,670.7017448707235,0.16213166907520005,0.006388636130596687,34.81320475698164,17.938883680702073,21.72079296866429,33.795921325683594,15.795919418334961,27.551021575927734,10.064926004433069,48.976497062624716,-265.6612903225806,31.87519461525297,39.53386982121817,-268.7329401276182,10.064926204324259,48.97649806605486,-265.6612922141296,-0.09623271971940994,-0.11836684495210648,-0.6292635798454285,0.1536371409893036,0.00517939031124115,-1.0125281810760498
3.96,-0.00147932767868042,0.005345016717910767,-0.06969946622848511,-1.7786139249801636,-0.8865375518798828,0.006825914140790701,465.0608928029013,0.04795723872274749,0.006388636130596686,35.301618102210305,20.10428338439873,20.10428338439873,34.8979606628418,17.632652282714844,25.71428680419922,2.4492935982947064e-14,50.0,-267.0,21.95897275581887,43.767196651767904,-270.6105963776161,0.0,50.00000102218139,-267.00000188288845,-0.8503156304359436,-0.5592625737190247,-0.8746882677078247,-0.07078786939382553,0.4335594177246094,-1.5761194229125977
4.0,0.0006334781646728516,0.004669874906539917,-0.06585565209388733,-6.1292603277252056e-06,-1.5373563766479492,0.4159151017665863,744.9119555041178,0.20897030216410623,0.006388636130596685,35.41262994469699,22.457802753338797,18.70928138467324,35.26530456542969,19.83673667907715,23.87755012512207,-10.064926004432936,48.97649706262474,-268.33870967741933,11.019454244310575,44.78091974150001,-272.1923556088583,-10.064926202408543,48.97649806045484,-268.3387115512981,-0.0503321997821331,-0.46357789635658264,-0.4823387563228607,0.08859537541866302,-0.2148386836051941,-0.6107622981071472
4.04,0.002570807933807373,0.007277727127075195,-0.06455737352371216,5.571454755881611e-12,-0.24788664281368256,4.76158332824707,744.9126203235437,0.2088677430758406,0.006388636130596685,35.15686155683235,24.904611916550913,17.613046548207237,35.26530456542969,22.040817260742188,22.40816307067871,-19.717792755665904,45.94789058101154,-269.6774193548387,1.0067825169942337,43.7847960075013,-273.5941150647699,-19.717793142301666,45.9478915125036,-269.6774212195751,-0.01632707007229328,-0.06403018534183502,0.44296663999557495,0.1390666365623474,0.14448703825473785,-1.5396888256072998
4.08,-0.0018920302391052246,0.011513948440551758,-0.06445714831352234,-1.2795062752368747e-11,-0.026615653187036514,3.1474835850531235e-05,744.9126203227604,0.20925563818043766,0.006388636130596686,34.55334159983446,27.34770085809911,16.877898478617265,35.26530456542969,24.24489974975586,21.306123733520508,-28.56341075473963,41.038172060363806,-271.01612903225805,-8.106328599025122,42.107848871975925,-275.1494917263014,-28.563411313818822,41.03817288655355,-271.01613088790896,-0.08271396160125732,0.052374791353940964,-0.8825109601020813,-0.006731212139129639,0.7765240669250488,-1.869889497756958
4.12,-0.01242685317993164,0.009274214506149292,-0.05805283784866333,-3.014192020978079e-11,-1.085505723953247,0.11221472173929214,744.912620320879,0.22627577703598004,0.006324805910193823,33.63067447526988,29.694927738758487,16.54885879770599,35.26530456542969,26.816326141357422,20.204082489013672,-36.23963936145598,34.44834595378435,-272.35483870967744,-18.382524250681293,39.71661060942417,-276.80490390116483,-36.23964007047363,34.44834664054473,-272.35484055635914,-0.2149876356124878,-0.23229075968265533,-0.7799217700958252,0.0012027397751808167,-0.3093923330307007,-2.113463878631592
4.16,-0.028529226779937744,0.011772096157073975,-0.06379494071006775,-7.960716807975388e-11,-0.6654781699180603,-2.834546659891135e-11,750.101107197099,0.5109610477281802,0.004315189240389605,32.42870378604985,31.865117517355674,16.65254453329207,35.26530456542969,29.020408630371094,20.204082489013672,-42.43221287473755,26.448200516348113,-273.69354838709677,-24.814236898729106,36.150941254657496,-279.5442679893228,-42.432213705607104,26.448201036009962,-273.6935502248311,-0.4133008122444153,-0.12650106847286224,-0.8670554757118225,-0.7651959657669067,0.2790587246417999,-2.4972479343414307
4.2,-0.043096721172332764,0.011180758476257324,-0.06198680400848389,6.717424394508953e-10,-0.7905788421630859,4.012505605555106e-12,750.101107197099,0.511034623363049,0.00431518924086546,30.999971486436436,33.79207494697625,17.196770127752654,34.8979606628418,31.224491119384766,20.204082489013672,-46.88760660735401,17.365262642241046,-275.0322580645161,-31.397107611913942,31.12065028189744,-281.76480450905666,-46.88760752724908,17.365262974881674,-275.0322598931455,-0.598317563533783,-0.14995066821575165,-0.8589122295379639,-1.1096409559249878,0.14362886548042297,-2.0706372261047363
4.24,-0.04879802465438843,0.012756168842315674,-0.05248698592185974,0.15532101690769196,-0.026194531470537186,2.961969211567883e-11,750.1011071970989,0.434151274903435,0.004619466796243827,29.410160452314862,35.42606373609048,18.17042972806722,33.795921325683594,33.061222076416016,20.204082489013672,-49.42341621640557,7.571388875228827,-276.3709677419355,-36.9955693518644,23.97099981812885,-282.6994877235404,-49.42341718879896,7.571389009490843,-276.3709695611497,-0.616351306438446,0.06791764497756958,-0.7450206875801086,-1.0621004104614258,0.9128358364105225,-1.7221920490264893
4.28,-0.05089956521987915,0.009217798709869385,-0.035494446754455566,0.04908548295497894,-0.28395989537239075,5.743271136449124e-11,750.101107197099,0.5160860364233563,0.004302281411656975,27.736821873230763,36.733071741996476,19.543540341987892,32.32653045654297,34.8979606628418,20.204082489013672,-49.93582535855264,-2.532458441935596,-277.7096774193548,-42.672203644417465,15.478054702260183,-282.91312768716256,-49.93582634447779,-2.5324585085730686,-277.7096792288085,-0.6791345477104187,-0.05540849268436432,-0.5426298379898071,-1.2132023572921753,0.6479046940803528,-1.085427165031433
4.32,-0.04804888367652893,0.0063835978507995605,-0.011529326438903809,0.6665350794792175,-0.13074468076229095,9.519560834059249e-11,740.5669328775404,0.2568449382015531,0.005942972544311367,26.066087524252307,37.69269397945756,21.267689235111007,30.489797592163086,36.367347717285156,20.204082489013672,-48.40385594331021,-12.53262661293603,-279.0483870967742,-47.235488088436384,6.406077986754387,-282.01944721169855,-48.40385690280674,-12.532626874422201,-279.04838889623375,-0.5010213255882263,0.007466323208063841,-0.24388796091079712,-0.7191857099533081,0.10077163577079773,-0.08227996528148651
4.36,-0.05156242847442627,0.0038974881172180176,0.00574079155921936,0.1550048142671585,-8.821259689284489e-05,-0.042530644685029984,750.101107197099,0.4940234800359643,0.004367248699964049,24.487661409084392,38.295597512370065,23.27739976726422,29.020408630371094,37.469390869140625,20.93877601623535,-44.8902269785371,-22.01970757788168,-280.38709677419354,-48.75643756396068,-1.798368085714687,-282.292399506563,-44.8902278722007,-22.019708020299664,-280.38709856364613,-0.6569219827651978,-0.01764252595603466,-0.05950639769434929,-1.4364596605300903,0.0020905807614326477,0.08549309521913528
4.4,-0.053465038537979126,0.001597285270690918,0.015171021223068237,0.007102652918547392,-0.0006190204294398427,-0.09021707624197006,750.1011071970988,0.5463031715360095,0.004276747269403314,23.088929908940077,38.54137001271528,25.49297239640171,27.551021575927734,38.20408248901367,22.40816307067871,-39.538786846884925,-30.60529912738314,-281.7258064516129,-47.159412253200244,-10.451957956261007,-283.3660583023246,-39.53878763744544,-30.605299729965857,-281.72580823128726,-0.7420681118965149,-0.047609660774469376,0.05517367646098137,-1.5382375717163086,-0.21463410556316376,0.5749521255493164
4.44,-0.05223304033279419,-0.0005241036415100098,0.00896066427230835,0.0011812280863523483,-0.04979049414396286,-1.7501825094223022,750.1011071970989,0.5390158808675968,0.004276747269403314,21.949256647356655,38.437258582854156,27.825085298637664,26.081632614135742,38.57143020629883,24.979591369628906,-32.56862413611115,-37.93790613463951,-283.06451612903226,-41.29949644982206,-20.224033260515764,-285.71072325115415,-32.56862478999973,-37.93790687096758,-283.06451789930725,-0.7137004137039185,-0.09794922918081284,-0.8231636881828308,-1.7202208042144775,-0.03237198665738106,0.4697999656200409
4.48,-0.05288854241371155,-0.002340972423553467,0.011195003986358643,0.022092457860708237,-7.201248278243533e-12,-0.11601804941892624,750.1011071970989,0.5416406812707832,0.004276747269403312,21.135335479559792,37.99799754421689,30.180889717377095,24.979591369628906,38.57143020629883,27.183673858642578,-24.265098126554054,-43.717330807229104,-284.4032258064516,-35.06267800147485,-27.532144820954542,-287.3598098805376,-24.265098615448895,-43.717331646507176,-284.4032275676678,-0.7166882157325745,-0.10515166074037552,3.1160957405518275e-06,-1.6474517583847046,-0.09685047715902328,0.536918580532074
4.52,-0.054272741079330444,-0.01000821590423584,0.013842999935150146,0.00037993796286173165,-1.8761570422243246e-11,-0.07044707983732224,750.1011071970989,0.5506003885932765,0.004276747269403314,20.697997365764714,37.2466457831564,32.47071936924852,24.24489974975586,38.57143020629883,29.38775634765625,-14.968156148667946,-47.70696282000243,-285.741935483871,-28.660647670650587,-33.69647321352064,-289.24561365762327,-14.968156450991614,-47.706963728345,-285.7419372361141,-0.7365579009056091,-0.1902979612350464,0.03701607137918472,-1.7693545818328857,-0.06729532033205032,0.6534329056739807
4.56,-0.04908221960067749,-0.023122668266296387,0.015339016914367676,0.00012179943587398157,-3.205785290005814e-11,-0.09798259288072586,750.101107197099,0.510998415579302,0.004315287152076269,20.67036994542586,36.2161001001458,34.614166618657144,23.510204315185547,38.57143020629883,31.591838836669922,-5.058416099371616,-49.74346616959476,-287.0806451612903,-22.069779705926834,-39.901713015383564,-290.7946781355152,-5.058416201638469,-49.74346711128817,-287.0806469042501,-0.6769874095916748,-0.36194556951522827,0.05063436180353165,-1.8877876996994019,-0.788487434387207,0.7524152398109436
4.6,-0.04956391453742981,-0.034696877002716064,0.014281690120697021,-1.628032127512502e-12,1.4512812413158827e-05,-1.47450852394104,750.101107197099,0.5110346238300216,0.0043151892403269386,21.066993152478865,34.95071949889885,36.54438910716711,23.510204315185547,38.20408248901367,33.795921325683594,5.058416099371556,-49.74346616959476,-288.41935483870964,-14.112003340344812,-43.15497454192065,-293.100179442252,5.0584162015451835,-49.743467108323706,-288.4193565717035,-0.6723780035972595,-0.4790879487991333,-0.668384313583374,-1.8709765672683716,-1.3903744220733643,0.6039193272590637
4.64,-0.04264196753501892,-0.05037081241607666,0.02232438325881958,9.726386451802682e-07,4.737508773803711,-0.06593254953622818,750.1011071970988,0.5110343344331223,0.004315190021965567,21.883477394414783,33.50733120841596,38.21006512015307,23.510204315185547,37.836734771728516,35.26530456542969,14.968156148667802,-47.706962820002474,-289.758064516129,-8.292000323637192,-45.131404013880044,-294.36713878853726,14.96815645010324,-47.706963720028845,-289.75806623830323,-0.5968296527862549,1.0208343267440796,0.1576710045337677,-1.5594429969787598,-2.420477867126465,0.6315404772758484
4.68,-0.028391361236572266,-0.04991728067398071,0.012927770614624023,4.821471694116397e-11,0.2793363332748413,-0.6394729614257812,750.1011071970992,0.5109575275651255,0.0043151892403643765,23.096499507380617,31.95488589962691,39.57513191682278,23.510204315185547,36.367347717285156,37.469390869140625,24.26509812655408,-43.71733080722909,-291.0967741935484,3.570574788411917,-46.4627754147274,-295.1361983377693,24.2650986127358,-43.71733163449504,-291.0967759041823,-0.4284519553184509,-0.641265869140625,-0.08311271667480469,-0.7049458026885986,-1.168983817100525,0.13164165616035461
4.72,-0.0136319100856781,-0.044954657554626465,0.011105954647064209,-0.12342871725559235,0.25453266501426697,-0.004820687230676413,717.1518777924684,0.21868837168561583,0.006174669672761365,24.664244414469145,30.37227464383605,40.61699049499833,23.87755012512207,34.53061294555664,38.93877410888672,32.568624136111104,-37.937906134639555,-292.43548387096774,14.251441767969737,-44.69039831590346,-295.1000382671431,32.56862478408536,-37.93790685776119,-292.4354855697525,-0.2830645442008972,-0.5573314428329468,0.03840480372309685,-0.20122812688350677,-0.7143853902816772,0.6843715310096741
4.76,0.0009067654609680176,-0.03410780429840088,-0.002766549587249756,-0.08095413446426392,1.1017452478408813,-0.5700080990791321,730.5034228561909,0.19933544406344011,0.006388636130596686,26.527674844532612,28.844302822630258,41.3240734130487,24.612245559692383,32.32653045654297,40.7755126953125,39.538786846884896,-30.60529912738319,-293.7741935483871,27.24098311007038,-41.8627890569598,-294.99483754773684,39.53878762668101,-30.605299718522893,-293.7741952355637,-0.07220303267240524,-0.20817019045352936,-0.28917598724365234,-0.6132057309150696,-0.25550001859664917,-0.4735237658023834
4.8,0.00778535008430481,-0.03513073921203613,0.003163278102874756,-0.010985658504068851,0.06876545399427414,-1.6173336003788563e-09,743.6401970230544,0.20790773228515966,0.006388636130596686,28.613109894133448,27.456372249855985,41.69358389334258,26.081632614135742,30.857141494750977,41.14285659790039,44.89022697853704,-22.01970757788181,-295.11290322580646,32.9895014074708,-35.2319179883108,-295.8345549759845,44.89022785490553,-22.01970801352696,-295.1129049021031,0.0029050528537482023,-0.4969726800918579,-0.05449899658560753,0.46138858795166016,-0.6092356443405151,0.015483621507883072
4.84,0.005713969469070435,-0.033708542585372925,0.003200829029083252,-0.043541062623262405,0.00707883108407259,-0.0037336053792387247,738.7124775014527,0.20461189144525804,0.006388636130596685,30.83641690507811,26.28879804694773,41.72996498975639,28.285715103149414,29.38775634765625,41.51020431518555,48.40385594331022,-12.532626612936005,-296.4516129032258,38.692909786028196,-26.09102397941988,-297.54369238359715,48.40385687759783,-12.5326268746539,-296.4516145696007,-0.037854038178920746,-0.49702775478363037,-0.05828319489955902,0.07307419180870056,-0.9067778587341309,0.06016289070248604
4.88,0.00604933500289917,-0.03485274314880371,0.0038361549377441406,-0.04301222041249275,0.18272335827350616,1.544090051132374e-12,738.8071704294539,0.20467101400317694,0.006388636130596686,33.10867200245259,25.411700762179535,41.44437425927077,30.489797592163086,28.285715103149414,41.51020431518555,49.93582535855264,-2.532458441935658,-297.7903225806451,41.98752797490378,-16.687940792241797,-299.1872939744873,49.93582631060621,-2.5324585171777705,-297.7903242379092,-0.03077761083841324,-0.4436812996864319,-0.04824329540133476,-0.03024895116686821,-0.9002050161361694,0.062136851251125336
4.92,0.007239997386932373,-0.030926793813705444,-0.001148521900177002,-0.242136612534523,0.018779674544930458,-1.426200737369987e-11,652.2177407857978,0.15135939759201567,0.006388636130596686,35.34257820501509,24.881088576978325,40.85518019482604,32.693878173828125,27.183673858642578,41.51020431518555,49.42341621640558,7.571388875228766,-299.1290322580645,45.19678280941271,-7.096270989552601,-300.4210118339939,49.42341714644567,7.571388992251046,-299.12903390651087,-0.05002082139253616,-0.44249600172042847,-0.11122144758701324,0.26463383436203003,-0.7490281462669373,0.10086572170257568
4.96,0.007760465145111084,-0.03377607464790344,-0.011431992053985596,-1.2908436059951782,4.235001682673101e-08,-3.4615001837101644e-11,465.0608928029013,0.05404790608883138,0.006388636130596687,37.458522168855566,24.73627985127445,39.989262295243776,34.8979606628418,26.816326141357422,41.51020431518555,46.887606607354066,17.365262642240907,-300.46774193548384,46.248775217781926,1.4497558026137278,-302.56209072643355,46.88760747776472,17.365262949696884,-300.46774357467416,-0.31227174401283264,-0.44085681438446045,-0.21812155842781067,-0.03264176473021507,-0.8840166330337524,0.0918581411242485
5.0,0.012632787227630615,-0.029891937971115112,-0.026544809341430664,-0.11080939322710037,3.5697157035885496e-11,-5.894598698041875e-11,721.6139253890583,0.19338009232627193,0.006388636130596685,39.38914553608942,24.998448122661333,38.88367471602111,36.73469543457031,26.4489803314209,41.51020431518555,42.43221287473754,26.448200516348138,-301.80645161290323,47.25212629964623,8.83023713600712,-303.99613125469307,42.43221365167993,26.448201004146,-301.80645324172525,-0.011553246527910233,-0.32131117582321167,-0.3082164525985718,0.6371761560440063,-0.44954490661621094,-0.04338419437408447
5.04,0.007859647274017334,-0.025317400693893433,-0.03942972421646118,-0.2950768768787384,1.5445554557569352e-11,3.3941564652195666e-06,611.559557046654,0.12901219729701222,0.006388636130596686,41.08174006450399,25.669937556269307,37.587043352791504,38.93877410888672,26.4489803314209,41.14285659790039,36.239639361456014,34.44834595378431,-303.14516129032256,45.92698466508952,17.895655369814044,-305.98446321137675,36.23964001617068,34.4483466033935,-303.1451629073295,-0.08263376355171204,-0.3828567564487457,-0.5710890889167786,0.606242299079895,-1.0405104160308838,-1.0942684412002563
5.08,-0.0010673999786376953,-0.0135975182056427,-0.05564999580383301,-4.013163089752197,2.86488333056667e-11,0.04253000393509865,465.0608928029013,0.051198273838953326,0.006388636130596688,42.49843485760588,26.734100286424834,36.1599790772276,41.14285659790039,26.4489803314209,40.7755126953125,28.563410754739678,41.03817206036378,-304.48387096774195,44.552757496781915,27.176253442765468,-307.61731747335966,28.563411264407097,41.03817284527349,-304.48387257165666,-1.1748404502868652,-0.2182297557592392,-0.6539977788925171,-0.2924371063709259,-0.21871067583560944,-1.4581133127212524
5.12,0.004424452781677246,-0.0014351308345794678,-0.0677330493927002,-0.0005276263691484928,1.1524486226432984e-11,0.03983239829540253,744.8553140228103,0.20877621081897996,0.006388636130596686,43.61471841603768,28.155657096675057,34.673901671371,42.24489974975586,26.816326141357422,40.04081726074219,19.717792755666043,45.947890581011485,-305.8225806451613,40.9844429377111,32.408420068809725,-308.5111677157018,19.717793103769278,45.94789146783725,-305.82258223535047,-0.03899001330137253,-0.101157046854496,-0.6235818266868591,-0.11640860140323639,0.028018463402986526,-0.778419017791748
5.16,0.004673302173614502,0.01055365800857544,-0.06161332130432129,-0.030428394675254822,-0.04979285970330238,0.21952849626541138,740.9203609248694,0.20610715434417898,0.006388636130596686,44.41712260401602,29.88184660701201,33.20802471955318,43.34693908691406,27.551021575927734,38.20408248901367,10.064926004432994,48.97649706262472,-307.1612903225806,32.769032189762456,39.23652351043383,-308.7854406673006,10.06492618068429,48.976498012721905,-307.1612918993113,-0.02218664065003395,0.013760914094746113,-0.7880503535270691,0.49297034740448,0.9463639855384827,-1.0602200031280518
5.2,-0.0005564093589782715,0.008622705936431885,-0.04872959852218628,-0.004094451200217009,-0.022415470331907272,0.08220887929201126,744.4598092441138,0.20876656698810436,0.006388636130596685,44.90087678538442,31.844766997922733,31.84476699792274,44.448978424072266,29.38775634765625,36.0,3.6739403974420595e-14,50.0,-308.5,20.274762995124977,44.87051692717175,-310.1238443865826,1.4651189813714214e-14,50.00000097138312,-308.50000156437267,-0.07014800608158112,0.0019755384419113398,-0.6728074550628662,-0.004078105092048645,0.6974266767501831,-0.7887900471687317
5.24,0.007887542247772217,0.004415035247802734,-0.04687625169754028,2.053452720363058e-11,-0.013807033188641071,0.49123212695121765,744.9126203219208,0.20877333231408035,0.006388636130596685,45.0681347044826,33.965218133719134,30.664319678291154,44.448978424072266,31.591838836669922,34.53061294555664,-10.064926004432923,48.97649706262474,-309.83870967741933,9.060902348927902,43.840550045551666,-311.8902378436578,-10.0649261795906,48.97649801203212,-309.8387112309897,0.017562657594680786,-0.056683048605918884,-0.5467953681945801,1.2610738277435303,-0.2837832570075989,-0.8894839286804199
5.28,-0.002017199993133545,0.0029544830322265625,-0.04183417558670044,-2.710749640755239e-06,-0.21808722615242004,1.0981531143188477,744.9123263009232,0.20927670259694545,0.006388636130596688,44.92711496974967,36.15799217585362,29.739291216779275,45.183677673339844,33.795921325683594,33.061222076416016,-19.717792755665812,45.94789058101158,-311.1774193548387,-2.2711938496179838,45.618386141551554,-313.5162508729746,-19.7177930996657,45.947891466042904,-311.1774208990427,-0.10053696483373642,-0.07853507995605469,-0.34797245264053345,-0.10135434567928314,-0.5158447027206421,-0.5257492065429688
5.32,-0.004478096961975098,0.009169042110443115,-0.051567137241363525,-6.009419958180606e-12,-0.3503498435020447,0.007894539274275303,744.9126203234965,0.20993410794800363,0.006388636130596687,44.492251628328546,38.33804508437962,29.130196351614295,45.183677673339844,35.632652282714844,32.693878173828125,-28.563410754739614,41.03817206036381,-312.51612903225805,-9.165833238110652,42.92879326851592,-315.5952460492104,-28.563411256111944,41.03817284166724,-312.51613056783077,-0.12721402943134308,-0.09425793588161469,-0.7373875379562378,-0.06315946578979492,0.6378695368766785,-1.8680864572525024
5.36,-0.012066841125488281,0.015160143375396729,-0.05578649044036865,-2.184644305736061e-11,-0.004446263425052166,6.389354530256242e-05,744.9126203217787,0.22362179112478428,0.006350435809541967,43.78523475702713,40.426546870127645,28.882168901958554,45.183677673339844,37.469390869140625,32.32653045654297,-36.239639361455964,34.44834595378436,-313.85483870967744,-16.179240468879513,40.124500918084316,-317.45238448889324,-36.23964000349305,34.448346597226816,-313.85484023628277,-0.21713796257972717,0.09889158606529236,-0.781394898891449,0.012290919199585915,0.9642801284790039,-1.7248207330703735
5.4,-0.024408042430877686,0.013142824172973633,-0.060114920139312744,-3.0167660036717336e-11,-0.9318981170654297,-1.0580686500560876e-11,750.1011071970988,0.5107404493060256,0.004315189240349874,42.83661463662022,42.35570557428721,29.022879089677136,45.183677673339844,39.6734733581543,32.32653045654297,-42.4322128747375,26.448200516348198,-315.19354838709677,-23.414006581042,35.839804870871056,-320.1406137475805,-42.432213635427246,26.448200994992575,-315.19354990333443,-0.3497636914253235,-0.16739171743392944,-0.8361647725105286,-0.5878808498382568,0.16200101375579834,-1.794586181640625
5.44,-0.03455275297164917,0.01475667953491211,-0.057659268379211426,1.4986634369051899e-06,-0.06874866783618927,8.848771541891676e-12,750.1011071970989,0.5110254282301039,0.004315190444695595,41.68744555413606,44.07158149332292,29.561405104056142,44.81632614135742,41.51020431518555,32.32653045654297,-46.88760660735404,17.365262642240975,-316.5322580645161,-29.609752554238487,30.624612753350046,-321.90363617751234,-46.887607459537676,17.3652629378509,-316.5322595683427,-0.5079241991043091,0.08316190540790558,-0.8303670287132263,-0.7802120447158813,0.7714683413505554,-1.6981902122497559
5.48,-0.03537583351135254,0.00623631477355957,-0.048260629177093506,1.2013037204742432,-4.670454025268555,2.705676654946032e-11,529.842944369487,0.09291645487122341,0.006388636130596686,40.39030249884148,45.53470806981918,30.487806917152746,43.71428680419922,43.71428680419922,32.32653045654297,-49.42341621640557,7.571388875228838,-317.8709677419355,-37.28117648253143,21.52429727789546,-323.1188697810988,-49.423417128304976,7.57138897902542,-317.8709692313657,0.15639537572860718,-1.3069881200790405,-0.7072778940200806,-0.8562074303627014,1.1143465042114258,-1.839479923248291
5.52,-0.04519170522689819,0.012537956237792969,-0.03209191560745239,0.058008573949337006,-0.00027257506735622883,6.32551372392598e-11,750.101107197099,0.4897339808826044,0.004382041444687173,39.00900549613595,46.71892720929045,31.77332705966248,42.97959518432617,44.81632614135742,32.32653045654297,-49.93582535855264,-2.5324584419355842,-319.2096774193548,-41.20751038403782,16.20123702949108,-323.34227064198853,-49.9358262946884,-2.5324585293988098,-319.20967889318234,-0.4548090994358063,0.00890797283500433,-0.38428691029548645,-0.7183816432952881,1.2478384971618652,-0.6431630849838257
5.56,-0.04365426301956177,0.007560431957244873,-0.016067147254943848,2.4652609825134277,-0.00213296664878726,-1.2393762460760627e-07,465.0608928029014,0.05290656116553705,0.006388636130596686,37.61661185262126,47.60919599511811,33.371382371220065,41.51020431518555,46.28571701049805,32.693878173828125,-48.40385594331024,-12.532626612935932,-320.54838709677415,-45.44854113343533,6.518762214247948,-323.50374396514883,-48.403856865723455,-12.5326268826854,-320.5483885550338,0.43691885471343994,0.01309066079556942,-0.3151310086250305,-1.3708081245422363,0.6405506730079651,-0.2391670048236847
5.6,-0.04872196912765503,0.010276317596435547,0.011824965476989746,2.3084397315979004,-1.780830416464596e-06,6.721617012983572e-11,467.62545193477933,0.05751980448470609,0.006388636130596685,36.291673076538615,48.19916988627712,35.21967587980105,40.408164978027344,47.020408630371094,32.693878173828125,-44.890226978537065,-22.019707577881746,-321.88709677419354,-48.17674175048888,0.595791795618706,-322.66643373189646,-44.8902278482069,-22.019708013944406,-321.887098218184,0.18114779889583588,0.043251123279333115,-0.007177656516432762,-0.723749577999115,0.17246322333812714,0.13449162244796753
5.64,-0.05902308225631714,0.007750988006591797,0.03126108646392822,2.8810160160064697,-0.00037993636215105653,-0.08147755265235901,750.1011071970988,0.2128912569361558,0.006388636130596685,35.11325088798454,48.489204130275574,37.24372854702328,39.6734733581543,47.75510025024414,33.42857360839844,-39.53878684688494,-30.605299127383134,-323.2258064516129,-48.66632374958926,-5.1475525203478725,-323.4085515810876,-39.538787625294866,-30.605299708365152,-323.2258078834588,0.5054141879081726,-0.0059596942737698555,0.10141954571008682,-0.7277699708938599,0.2707816958427429,0.7014394998550415
5.68,-0.0603557825088501,0.006401002407073975,0.028118014335632324,0.04242370277643204,-0.21602784097194672,-0.470041424036026,750.1011071970989,0.5602573624008371,0.004276747269403314,34.15552165160773,48.48517214062632,39.36185110672743,38.57143020629883,48.12245178222656,35.632652282714844,-32.568624136111154,-37.937906134639505,-324.56451612903226,-43.23813220027443,-14.095874586269098,-325.79689170001507,-32.568624787001816,-37.93790683518612,-324.5645175509211,-0.8120073676109314,-0.09236319363117218,0.15558204054832458,-1.2839345932006836,0.7467349767684937,0.190680593252182
5.72,-0.04501545429229736,-8.028745651245117e-05,0.01379626989364624,1.7781606912612915,-3.807031911939873e-10,-1.1058135032653809,467.5936271298729,0.06308180157187585,0.006388636130596685,33.48281765406046,48.198265628828,41.49111135104435,36.73469543457031,48.48979949951172,38.57143020629883,-24.265098126554143,-43.717330807229054,-325.9032258064516,-35.18286875894051,-27.14312430363295,-327.69910922269577,-24.265098617917104,-43.71733159922939,-325.9032272197968,0.20009751617908478,-0.07976605743169785,-0.21221618354320526,-1.230090618133545,-0.27191728353500366,0.05938248336315155
5.76,-0.050344884395599365,-0.005087614059448242,0.012489378452301025,1.1741755770344753e-05,-1.2066979360181307e-11,-0.3520057201385498,750.101107197099,0.5181523179371927,0.004297457945232054,33.145681281521796,47.645739403279215,43.55340084822574,36.367347717285156,48.48979949951172,40.7755126953125,-14.968156148667871,-47.70696282000245,-327.241935483871,-27.799223771773672,-32.625849412024166,-330.081133827127,-14.968156454936727,-47.70696367354886,-327.2419368886992,-0.46411997079849243,-0.11799828708171844,-0.12737199664115906,-1.2619991302490234,-0.3173903226852417,0.006613265722990036
5.8,-0.04981696605682373,-0.014732301235198975,0.0164262056350708,2.0917553901672363,-2.7765085369724218e-11,-0.02141503244638443,550.5243500164877,0.0880775517854165,0.006388636130596685,33.178119926105715,46.852375918681055,45.48051719110009,36.0,48.48979949951172,42.612247467041016,-5.0584160993716285,-49.74346616959476,-328.5806451612903,-21.458413954703254,-37.468361303524574,-331.70635273178857,-5.058416203581846,-49.7434670537854,-328.58064655610076,0.23730182647705078,-0.24474181234836578,0.07546231150627136,-1.9335546493530273,-0.343262255191803,0.6779444217681885
5.84,-0.049251437187194824,-0.028577983379364014,0.018003404140472412,2.558748352088358e-12,-4.618159674119049e-11,-0.4822879731655121,750.101107197099,0.5110346238258935,0.004315189240327686,33.59594683120191,45.85225331964905,47.217394597378,36.0,48.48979949951172,44.448978424072266,5.058416099371543,-49.74346616959476,-329.91935483870964,-14.942002023199453,-41.022811566013544,-333.7155619695407,5.058416203857572,-49.74346705326298,-329.91935622090284,-0.5291124582290649,-0.33539876341819763,-0.09396175295114517,-1.1027905941009521,-0.6418741345405579,0.5523754358291626
5.88,-0.04195946455001831,-0.039621591567993164,0.016260921955108643,2.0949089685196043e-11,1.8636603371646743e-09,-1.5228657722473145,750.1011071970992,0.5110346234168682,0.004315189240342465,34.395991031903655,44.69022607906023,48.72315487137186,36.0,48.12245178222656,46.28571701049805,14.968156148667791,-47.706962820002474,-331.258064516129,-6.861812085901848,-43.8810821540865,-335.24788784160233,14.96815645729196,-47.706963672395155,-331.2580658828817,-0.6008723974227905,-0.5701267123222351,-0.3068199157714844,-1.2448240518569946,-1.2445759773254395,0.1545795202255249
5.92,-0.02799510955810547,-0.040669798851013184,0.016896545886993408,3.3995920661888945e-11,0.01878318376839161,-0.06990209966897964,750.1011071970989,0.510946461680515,0.00431518924035295,35.55605469292359,43.42244187468055,49.970254318663216,36.0,47.020408630371094,47.75510025024414,24.26509812655407,-43.7173308072291,-332.5967741935484,2.7517643380211294,-44.59881348864434,-335.6154121972426,24.265098623802757,-43.717331598587876,-332.596775542821,-0.42452284693717957,-0.572373628616333,0.07391906529664993,-0.92303866147995,-1.1833109855651855,0.8325124979019165
5.96,-0.014158964157104492,-0.03715139627456665,0.013016819953918457,-7.822749239494442e-07,1.4271951913833618,-0.042844999581575394,744.9125354746079,0.24823120720788644,0.006073564927755622,37.035698130823874,42.11531818136849,50.94241368195404,36.367347717285156,45.551021575927734,49.224491119384766,32.56862413611109,-37.93790613463956,-333.93548387096774,13.748886298858265,-43.36359369481559,-335.9052147813685,32.56862479681134,-37.93790683664148,-333.9354852022648,-0.26491400599479675,0.19058038294315338,0.04236333817243576,-0.298308789730072,-1.2805273532867432,0.770296573638916
6.0,-0.0011578798294067383,-0.03431904315948486,0.0043375492095947266,-0.0016327896155416965,0.20319996774196625,-0.006091338582336903,744.7347776288314,0.20902552139112718,0.006388636130596685,38.77811114594491,40.84273270931099,51.63213309839797,37.10204315185547,44.081634521484375,50.693878173828125,39.53878684688488,-30.6052991273832,-335.2741935483871,24.706353936485062,-40.91324175567885,-336.351255409362,39.53878763824305,-30.605299713475517,-335.27419486297686,-0.09650205820798874,-0.45157521963119507,-0.04510662704706192,-0.16740383207798004,-0.6281498670578003,-0.32160326838493347
6.04,0.010018467903137207,-0.03729581832885742,0.0035521984100341797,-4.010287761688232,0.007842481136322021,-9.092046639125329e-06,465.06089280290126,0.051129713881533,0.006388636130596687,40.713355259320856,39.68166436730692,52.03847241579056,38.20408248901367,42.97959518432617,51.42857360839844,44.89022697853703,-22.01970757788182,-336.61290322580646,31.42856034547263,-36.32507545175113,-337.1581637940282,44.890227862508674,-22.0197080236644,-336.6129045263069,-1.059708595275879,-0.548253059387207,-0.05943324789404869,0.792061448097229,-0.8017592430114746,0.05508747696876526
6.08,0.011738836765289307,-0.038324832916259766,0.010645270347595215,-0.41890034079551697,0.00027450817287899554,2.525455192192716e-11,517.4244183049586,0.08558920287529954,0.006388636130596686,42.763054931096,38.70695794117423,52.16554976138771,40.04081726074219,41.8775520324707,51.42857360839844,48.40385594331022,-12.532626612936015,-337.9516129032258,35.1670304006622,-27.331539717828488,-338.6098646914789,48.40385687897814,-12.532626896819314,-337.95161419268186,-0.08041975647211075,-0.3819309175014496,-0.008917690254747868,-0.08114646375179291,-0.621653139591217,-0.127588152885437
6.12,0.01545572280883789,-0.04251372814178467,0.0064504146575927734,-1.2851331233978271,0.0003799755941145122,-0.0007314306567423046,465.0608928029013,0.054139071167066594,0.006388636130596687,44.84620137257076,37.98607313307515,52.02198255679299,41.8775520324707,41.14285659790039,51.795921325683594,49.93582535855264,-2.53245844193567,-339.2903225806451,38.982863151016346,-19.680924835760287,-340.39890231154726,49.935826304362166,-2.5324585462699805,-339.29032386139943,-0.2901924252510071,-0.44890403747558594,-0.053971122950315475,0.33250105381011963,-0.8035264611244202,0.016807228326797485
6.16,0.01975560188293457,-0.04868441820144653,0.003945827484130859,-0.4863046109676361,2.8769145399287765e-10,-7.1082254665677524e-12,484.1163966689248,0.07223023153717377,0.006388636130596687,46.88527042613676,37.574549160068045,51.621303701382125,43.71428680419922,40.7755126953125,51.795921325683594,49.42341621640558,7.571388875228753,-340.6290322580645,40.06498939820833,-11.723921987564419,-342.33066235123806,49.423417132242925,7.571388962524761,-340.62903353081157,-0.08537411689758301,-0.45250219106674194,-0.07058214396238327,0.613014280796051,-1.1663137674331665,-0.08109523355960846
6.2,0.023287594318389893,-0.049456775188446045,-0.0030477046966552734,-1.5047236680984497,-2.1699898822280517e-12,-1.964878780513768e-11,465.0608928029013,0.05107058206396988,0.006388636130596688,48.811590294537304,37.51257911052519,50.98321721977464,45.551021575927734,40.408164978027344,51.795921325683594,46.887606607354066,17.365262642240893,-341.9677419354839,41.094844675989734,-3.5822767414361993,-344.0141824902529,46.887607456462455,17.365262925774793,-341.96774319886697,-0.2910135090351105,-0.48858949542045593,-0.1329936683177948,0.26597532629966736,-1.315809965133667,-0.10219521075487137
6.24,0.02485072612762451,-0.04412567615509033,-0.014184653759002686,-2.3651275634765625,6.243683955270418e-13,-2.6703536951111495e-11,465.0608928029013,0.04250678592192321,0.006388636130596685,50.56900932762391,37.82274289595741,50.13538286953044,47.38775634765625,40.04081726074219,51.795921325683594,42.432212874737544,26.448200516348123,-343.3064516129032,42.067701039676045,4.744183921838874,-345.4375923171764,42.432213625372675,26.448200991521468,-343.3064528638503,-0.5498108863830566,-0.42400017380714417,-0.21511110663414001,1.0084646940231323,-1.0640720129013062,-0.07524114847183228
6.28,0.029877543449401855,-0.03871339559555054,-0.028981566429138184,-0.018753837794065475,1.532904185530537e-11,-4.19088583281102e-11,742.6274718605212,0.20728574686339968,0.006388636130596686,52.11539051549147,38.50875402411578,49.115233355299694,48.85714340209961,40.04081726074219,51.795921325683594,36.23963936145603,34.4483459537843,-344.64516129032256,41.84458100803492,10.992183325421362,-346.8758461645653,36.23963998806592,34.44834660574332,-344.6451625250505,0.14348024129867554,-0.38363784551620483,-0.3390313386917114,0.8094504475593567,-0.8530877232551575,-0.26910680532455444
6.32,0.018398821353912354,-0.02673870325088501,-0.04037594795227051,-0.49036046862602234,2.9211827401454116e-11,3.027983908054921e-08,482.67782366915856,0.07167006105239318,0.006388636130596686,53.42207379697339,39.55508283421945,47.971178704757435,51.06122589111328,40.04081726074219,51.42857360839844,28.56341075473969,41.03817206036376,-345.98387096774195,40.07425200438732,21.46924135111665,-348.48160412636,28.563411238438306,41.0381728639837,-345.98387218308335,0.02278924733400345,-0.4157596826553345,-0.5988972187042236,0.2753022313117981,-0.8335318565368652,-0.9693320393562317
6.36,0.015559375286102295,-0.008477330207824707,-0.06034255027770996,-0.002657548524439335,7.67037683369054e-11,-8.386635136359288e-11,744.6223993868854,0.208557386910513,0.006388636130596686,54.471923508974236,40.927471297987296,46.76253585928209,52.53061294555664,40.04081726074219,51.42857360839844,19.717792755666053,45.94789058101148,-347.3225806451613,39.78920404723343,28.02744089685598,-349.4876207365896,19.717793083910134,45.947891501951155,-347.32258183972357,0.02742333896458149,-0.13932602107524872,-0.5812718868255615,0.7818713188171387,-0.06780272722244263,-0.7505091428756714
6.4,0.008236169815063477,0.0026527047157287598,-0.05579262971878052,-0.011660274118185043,-0.5346775650978088,0.5779606103897095,743.556928015133,0.20784840752148276,0.006388636130596686,55.25676388570875,42.57453388359117,45.55772680158112,54.000003814697266,40.7755126953125,49.95918273925781,10.064926004433007,48.97649706262472,-348.6612903225806,31.709535627467588,36.808423169956306,-350.30270463865753,10.06492617005744,48.976498059205156,-348.6612914972962,0.00034807028714567423,-0.1477084457874298,-0.6262516975402832,0.9152073860168457,0.12814895808696747,-1.330557107925415
6.44,0.0027010440826416016,0.012164056301116943,-0.04476332664489746,-0.1827237755060196,-0.036189135164022446,4.716266632080078,689.9689930427678,0.17366561864262864,0.006388636130596686,55.77492628799408,44.430711048655304,44.43071104865531,55.10204315185547,41.8775520324707,48.12245178222656,4.898587196589413e-14,50.0,-350.0,21.335748083634694,44.002428240972115,-350.66355322784165,-4.947913506307222e-15,50.00000102555436,-350.0000011578493,-0.12870609760284424,0.04363192990422249,0.6347566246986389,0.5611870288848877,1.0648651123046875,-1.3056796789169312
