Time,e1,e2,e3,edot1,edot2,edot3,Kp,Ki,Kd,SetAngle1,SetAngle2,SetAngle3,ActualAngle1,ActualAngle2,ActualAngle3,X0,Y0,Z0,Actual_X,Actual_Y,Actual_Z,X_Set,Y_Set,Z_Set,refCurr1,refCurr2,refCurr3,ActualCurr1,ActualCurr2,ActualCurr3
0.0,-0.012922311201691628,-0.0065108975395560265,-9.94837682810612e-05,-4.203895392974451e-45,-4.203895392974451e-45,4.203895392974451e-45,1050.0,10,0.015,-0.005686595269523741,-0.005686595269523741,-0.005686595269523741,0.7346938848495483,0.36734694242477417,0.0,0.0,0.0,-184.0,-0.7086145065454629,1.2272286328209885,-185.13715240197683,0.0,-1.433179351732963e-14,-184.0000024755281,-0.2821626365184784,-0.1308390200138092,-0.015024413354694843,-0.13792210817337036,-0.1487278938293457,-0.007053829729557037
0.04,-0.012922311201691628,-0.0065108975395560265,-9.94837682810612e-05,-4.203895392974451e-45,-4.203895392974451e-45,4.203895392974451e-45,1050.0,10,0.015,0.4142868312709749,-0.21306591342523187,-0.21306591342523187,0.7346938848495483,0.36734694242477417,0.0,0.0,1.3888888888888888,-184.0,-0.7086145065454629,1.2272286328209885,-185.13715240197683,0.0,1.388888929631816,-184.00000247525816,-0.28256234526634216,-0.13542965054512024,-0.013109471648931503,-0.08781205117702484,-0.24746569991111755,-0.23024043440818787
0.08,-0.005591928493231535,-0.01013070996850729,-0.0037192965392023325,8.662221872950127e-13,-4.2774846707206715e-13,-4.2774846707206715e-13,1050.0,10,0.015,0.8377436556922286,-0.4169842784555035,-0.4169842784555035,0.7346938848495483,0.36734694242477417,0.0,0.0,2.7777777777777777,-184.0,-0.7086145065454629,1.2272286328209885,-185.13715240197683,0.0,2.7777778591786118,-184.00000247444999,-0.1428535431623459,-0.1886865198612213,-0.07670233398675919,-0.0358579158782959,-0.3077082931995392,-0.14724647998809814
0.12,0.0017977962270379066,-0.01368943601846695,-0.007278022821992636,1.0456962986488127e-12,-5.035843703843357e-13,-5.035843703843357e-13,1050.0,10,0.015,1.264637646746067,-0.6174374392463308,-0.6174374392463308,0.7346938848495483,0.36734694242477417,0.0,0.0,4.166666666666666,-184.0,-0.7086145065454629,1.2272286328209885,-185.13715240197683,0.0,4.166666788627427,-184.00000247310643,-0.024175146594643593,-0.2614404559135437,-0.14680242538452148,0.17425230145454407,-0.4336371421813965,-0.08231944590806961
0.16,0.0028371941298246384,-0.017187077552080154,-0.010775662958621979,-0.40195992588996887,-3.9309495328959665e-13,-3.9309468223905353e-13,1050.0,10,0.015,1.6949213999856334,-0.8144214223418295,-0.8144214223418295,1.1020407676696777,0.36734694242477417,0.0,0.0,5.555555555555555,-184.0,-0.7100226724404864,2.0493118786743314,-185.50633581339795,0.0,5.555555717965612,-184.0000024712306,-0.14054469764232635,-0.3144493103027344,-0.20519530773162842,0.5553141236305237,-0.46103784441947937,-0.033799707889556885
0.2,-0.008886894211173058,-0.02062537521123886,-0.01421396154910326,-0.6545321941375732,-3.5185810970568554e-13,-3.5185810970568554e-13,1050.0,10,0.015,2.128546368772262,-1.0079325314075522,-1.0079325314075522,2.2040815353393555,0.36734694242477417,0.0,0.0,6.944444444444445,-184.0,-0.7141779239068302,4.534451239824149,-186.59582661649125,0.0,6.944444647180646,-184.00000246882576,-0.4046163856983185,-0.36922144889831543,-0.2712983787059784,-0.14705890417099,-0.853911280632019,-0.2759484648704529
0.24,-0.0013191476464271545,-0.017591172829270363,-0.017591172829270363,4.113481744897479e-13,0.3449670374393463,-2.940425680719727e-13,1050.0,10,0.015,2.5654628969160207,-1.1979673464295078,-1.1979673464295078,2.2040815353393555,0.0,0.0,0.0,8.333333333333332,-184.0,0.0,4.936706053388413,-186.20806377766627,0.0,8.333333576260197,-184.00000246589542,-0.06937992572784424,-0.23877960443496704,-0.31879809498786926,0.05618855357170105,-0.4297148883342743,-0.47327810525894165
0.28,-0.00010347366333007812,-0.02090904302895069,-0.02090904302895069,-0.25290408730506897,-7.124089187494909e-14,-1.5136565503608146e-13,1050.0,10,0.015,3.0056202528953464,-1.3845227226503565,-1.3845227226503565,2.5714285373687744,0.0,0.0,0.0,9.722222222222221,-184.0,0.0,5.770439439177291,-186.56260582370103,0.0,9.722222505192178,-184.00000246244346,-0.1659715175628662,-0.3860960602760315,-0.3892107903957367,0.5442744493484497,-1.090077519416809,-0.7558322548866272
0.32,-0.0052451081573963165,-0.02416408434510231,-0.02416408434510231,-0.001401187269948423,-2.0553545844459453e-13,-2.0553545844459453e-13,1050.0,10,0.015,3.448966665596679,-1.5675957892444874,-1.5675957892444874,3.3061225414276123,0.0,0.0,0.0,11.11111111111111,-184.0,0.0,7.4472560671002235,-187.26239356767093,0.0,11.111111433964691,-184.0000024584738,-0.14923851191997528,-0.4400276243686676,-0.44256532192230225,0.06904058158397675,-1.346051573753357,-0.8950181603431702
0.36,-0.003917735069990158,-0.02735978178679943,-0.02735978178679943,-3.674934123409912e-05,-1.886541595684521e-13,-1.886541595684521e-13,1050.0,10,0.015,3.895449361510757,-1.7471839477341022,-1.7471839477341022,3.6734695434570312,0.0,0.0,0.0,12.5,-184.0,0.0,8.29033061854632,-187.6075868379748,0.0,12.500000362566114,-184.0000024539906,-0.12431006878614426,-0.4998134672641754,-0.5002352595329285,0.18161967396736145,-1.3628944158554077,-0.9608464241027832
0.4,0.0038734152913093567,-0.024082977324724197,-0.030494391918182373,5.399738815803357e-13,0.003096898552030325,-2.1725160461848886e-13,1050.0,10,0.015,4.3450146033180586,-1.9232848701482805,-1.9232848701482805,3.6734695434570312,-0.36734694242477417,0.0,0.0,13.88888888888889,-184.0,0.7167396819572296,8.687001289409992,-187.20684530333682,0.0,13.888889290984979,-184.00000244899834,0.005066367797553539,-0.4395499527454376,-0.5563656091690063,0.7535777688026428,-1.3045661449432373,-1.0546094179153442
0.44,0.005309000611305237,-0.02715650200843811,-0.033567916601896286,-0.011476031504571438,-2.1239284745018516e-13,-2.1323908079833725e-13,1050.0,10,0.015,4.7976077297920146,-2.0958964969277063,-2.0958964969277063,4.040816307067871,-0.36734694242477417,0.0,0.0,15.277777777777777,-184.0,0.7180445767847897,9.532161247104172,-187.54637808439756,0.0,15.277778219210072,-184.00000244350161,0.022444264963269234,-0.487296462059021,-0.6017609238624573,1.129703164100647,-1.6428961753845215,-1.2660490274429321
0.48,-0.006025880575180054,-0.030168943107128143,-0.03658035770058632,-9.724750270834193e-05,-2.0900125976674316e-13,-2.0900125976674316e-13,1050.0,10,0.015,5.253173196945098,-2.2650170345774976,-2.2650170345774976,5.142857074737549,-0.36734694242477417,0.0,0.0,16.666666666666664,-184.0,0.7218857530702714,12.086117649640192,-188.5457437151679,0.0,16.66666714723052,-184.00000243750526,-0.15273922681808472,-0.5256161689758301,-0.6510013937950134,0.08954107761383057,-2.062329053878784,-1.5856839418411255
0.52,0.0019258484244346619,-0.0331202931702137,-0.039531707763671875,5.516594125953844e-13,-2.0476285597648136e-13,-2.0476285597648136e-13,1050.0,10,0.015,5.711654620339391,-2.4306449530710497,-2.4306449530710497,5.142857074737549,-0.36734694242477417,0.0,0.0,18.055555555555554,-184.0,0.7218857530702714,12.086117649640192,-188.5457437151679,0.0,18.055556075035568,-184.00000243101414,-0.013192801736295223,-0.5922918915748596,-0.7065103054046631,0.07511851191520691,-1.858167290687561,-1.832697868347168
0.56,0.00351676344871521,-0.03601055592298508,-0.04242197051644325,-0.0011679945746436715,-2.772544563725554e-13,-2.772544563725554e-13,1050.0,10,0.015,6.172994818480228,-2.5927789830078436,-2.5927789830078436,5.510204315185547,-0.36734694242477417,0.0,0.0,19.444444444444443,-184.0,0.7231413038683393,12.943578379415118,-188.872366269273,0.0,19.4444450026149,-184.00000242403354,-0.019038895145058632,-0.6588146090507507,-0.7687727808952332,1.0143547058105469,-2.0843379497528076,-2.1892099380493164
0.6,-0.0012548565864562988,-0.038841478526592255,-0.04525289312005043,-4.781363713846076e-07,-2.095072704731693e-13,-2.095072704731693e-13,1050.0,10,0.015,6.637135857208807,-2.7514181125285178,-2.7514181125285178,6.244897842407227,-0.36734694242477417,0.0,0.0,20.833333333333332,-184.0,0.7256145238533733,14.667676183178862,-189.51570057198884,0.0,20.833333929958233,-184.00000241656872,-0.07661516219377518,-0.703742504119873,-0.8179080486297607,0.16598471999168396,-2.287477493286133,-2.233337163925171
0.64,0.00043380260467529297,-0.02878674864768982,-0.04802098870277405,-1.980996339190355e-10,0.0004916551988571882,-1.7412899464344656e-13,1050.0,10,0.015,7.104019095007103,-2.9065615839906056,-2.9065615839906056,6.612245082855225,-1.1020407676696777,0.0,0.0,22.22222222222222,-184.0,2.1718426715007606,16.304656215359934,-188.9826112569692,0.0,22.222222857055737,-184.0000024086252,-0.04479440674185753,-0.5407835245132446,-0.8668074011802673,0.11123396456241608,-1.1528252363204956,-2.318108558654785
0.68,0.002171330153942108,-0.025084085762500763,-0.04431832581758499,-1.316871166229248,3.1466682592906636e-09,0.0014011868042871356,1050.0,10,0.015,7.573585229126211,-3.0582088904082383,-3.0582088904082383,6.9795918464660645,-1.4693877696990967,-0.36734694242477417,0.0,23.61111111111111,-184.0,2.1668894860100454,17.933462939257968,-188.44841140176143,0.0,23.61111178389777,-184.0000024002087,-0.40693533420562744,-0.47299325466156006,-0.8144022822380066,1.0418773889541626,-1.170865774154663,-1.7931060791015625
0.72,-0.0024554282426834106,-0.027730002999305725,-0.046964243054389954,-0.0008059176034294069,-1.3276883661494238e-13,-1.324922024306327e-13,1050.0,10,0.015,8.04577434244763,-3.206359771659947,-3.206359771659947,7.714285373687744,-1.4693877696990967,-0.36734694242477417,0.0,25.0,-184.0,2.1739075330494497,19.672257742219966,-189.04558053738873,0.0,25.0000007104751,-184.0000023913248,-0.08874838054180145,-0.5166413187980652,-0.8602848649024963,-0.008030621334910393,-1.6656486988067627,-2.4413821697235107
0.76,-0.0006254017353057861,-0.030316580086946487,-0.049550820142030716,-1.5983568246724644e-08,-1.6348082826703192e-13,-1.6348082826703192e-13,1050.0,10,0.015,8.52052595098531,-3.351014210467858,-3.351014210467858,8.081632614135742,-1.4693877696990967,-0.36734694242477417,0.0,26.38888888888889,-184.0,2.1773582107659184,20.54609442009137,-189.33904898856105,0.0,26.388889636778583,-184.00000238197964,-0.06084509193897247,-0.5608994364738464,-0.8889029026031494,0.08720812201499939,-1.784854769706726,-2.459402322769165
0.8,0.007659688591957092,-0.03284033015370369,-0.05207457020878792,6.783672473580082e-13,-2.0663996230275983e-13,-2.0663996230275983e-13,1050.0,10,0.015,8.997779051935222,-3.4921724281528865,-3.4921724281528865,8.081632614135742,-1.4693877696990967,-0.36734694242477417,0.0,27.77777777777778,-184.0,2.1773582107659184,20.54609442009137,-189.33904898856105,0.0,27.777778562799575,-184.00000237217915,0.07093951851129532,-0.5992012619972229,-0.9510504007339478,1.2269171476364136,-2.0976457595825195,-2.5874180793762207
0.84,0.0031673163175582886,-0.02889331802725792,-0.054538972675800323,-3.8114216295070946e-05,0.03341194987297058,-1.823823481562209e-13,1050.0,10,0.015,9.477472172178379,-3.6298348801693767,-3.6298348801693767,8.816326141357422,-1.8367347717285156,-0.36734694242477417,0.0,29.166666666666664,-184.0,2.906362488735004,22.673779499899126,-189.47214155744126,0.0,29.166667488529466,-184.0000023619296,0.017961805686354637,-0.5325086712837219,-0.9961704611778259,0.6773819327354431,-1.5647499561309814,-2.28180193901062
0.88,-0.0012831836938858032,-0.031294889748096466,-0.04411771893501282,-7.900850960140815e-07,-1.4047388198403649e-13,8.656901627546176e-06,1050.0,10,0.015,9.959543417142768,-3.7640022514240288,-3.7640022514240288,9.551020622253418,-1.8367347717285156,-1.1020407676696777,0.0,30.555555555555554,-184.0,1.4519237337178463,25.1739394084344,-189.173313880112,0.0,30.55555641396026,-184.00000235123719,-0.07167848944664001,-0.5844513773918152,-0.8172359466552734,0.13588213920593262,-1.8857619762420654,-1.8302356004714966
0.92,0.007129311561584473,-0.03363712131977081,-0.046459950506687164,4.96621732452851e-13,-1.3827086448470888e-13,-1.3826894002585272e-13,1050.0,10,0.015,10.443930519929495,-3.894675451382898,-3.894675451382898,9.551020622253418,-1.8367347717285156,-1.1020407676696777,0.0,31.944444444444443,-184.0,1.4519237337178463,25.1739394084344,-189.173313880112,0.0,31.94444533908398,-184.00000234010827,0.061661165207624435,-0.6203855276107788,-0.8583828210830688,1.3072363138198853,-2.471538543701172,-2.325403928756714
0.96,0.002760857343673706,-0.03591827303171158,-0.042329687625169754,-4.1240394921260304e-07,-1.5663659876530983e-13,1.8989877378916553e-11,1050.0,10,0.015,10.930570890608767,-4.021855608971154,-4.021855608971154,10.285714149475098,-1.8367347717285156,-1.4693877696990967,0.0,33.33333333333333,-184.0,0.7266728641179333,27.30748187405356,-189.27084512802807,0.0,33.33333426389309,-184.00000232854944,0.00030099210562184453,-0.6427811980247498,-0.768742561340332,0.7556068301200867,-2.2137534618377686,-2.083232879638672
1.0,-0.001567453145980835,-0.03813832998275757,-0.044549744576215744,-3.7393485854408937e-06,-1.522848958480233e-13,-1.522848958480233e-13,1050.0,10,0.015,11.419401665591604,-4.145544067270049,-4.145544067270049,11.020408630371094,-1.8367347717285156,-1.4693877696990967,0.0,34.72222222222222,-184.0,0.728746255702579,29.0881702033774,-189.78679028900982,0.0,34.72222318838043,-184.0000023165671,-0.08274669945240021,-0.6978039145469666,-0.8165372014045715,0.11859162151813507,-2.2742793560028076,-2.3989758491516113
1.04,0.006963714957237244,-0.0402955561876297,-0.046706970781087875,6.877573597435793e-13,-1.7390956567626265e-13,-1.7390956567626265e-13,1050.0,10,0.015,11.91035975698433,-4.265742378015444,-4.265742378015444,11.020408630371094,-1.8367347717285156,-1.4693877696990967,0.0,36.11111111111111,-184.0,0.728746255702579,29.0881702033774,-189.78679028900982,0.0,36.11111211253885,-184.00000230416813,0.05676466226577759,-0.7454546689987183,-0.8651187419891357,1.2384932041168213,-2.5368874073028564,-2.330143451690674
1.08,0.0027104616165161133,-0.035982027649879456,-0.04880485311150551,-1.9455537767498754e-06,2.7668329494190402e-05,-1.5380764424675203e-13,1050.0,10,0.015,12.403381901833914,-4.3824522959027945,-4.3824522959027945,11.755102157592773,-2.2040815353393555,-1.4693877696990967,0.0,37.5,-184.0,1.4586306792741244,31.233438348119748,-189.83323283079432,0.0,37.500001036361795,-184.00000229135898,0.026493921875953674,-0.6672824621200562,-0.8896328806877136,0.3951718807220459,-1.713396430015564,-2.0920112133026123
1.12,-0.001507878303527832,-0.025197744369506836,-0.05084339901804924,-0.0001964052062248811,0.0013807817595079541,-1.493179766030167e-13,1050.0,10,0.015,12.898404711173644,-4.495675772702802,-4.495675772702802,12.489795684814453,-2.9387755393981934,-1.4693877696990967,0.0,38.888888888888886,-184.0,2.9134360282078124,33.72786946961657,-189.3883729446553,0.0,38.88888995984296,-184.0000022781467,-0.0650060623884201,-0.46200600266456604,-0.9238221645355225,0.23588134348392487,-1.2848042249679565,-2.3599956035614014
1.16,0.007131487131118774,-0.027173452079296112,-0.04640769213438034,4.575786906498014e-13,-1.0427710127672296e-13,3.6452577067969116e-11,1050.0,10,0.015,13.395364718780574,-4.605414951192703,-4.605414951192703,12.489795684814453,-2.9387755393981934,-1.8367347717285156,0.0,40.27777777777778,-184.0,2.180858817545874,34.0743065841969,-188.94513948990752,0.0,40.27777888297614,-184.00000226453784,0.06286218017339706,-0.520839512348175,-0.8688732981681824,1.4563343524932861,-1.79574453830719,-2.348756790161133
1.2,0.0029829442501068115,-0.029088087379932404,-0.04832232743501663,-1.5112907886505127,-1.1163422616866647e-13,-1.1163422616866647e-13,1050.0,10,0.015,13.894198429557996,-4.711672158907749,-4.711672158907749,13.22449016571045,-2.9387755393981934,-1.8367347717285156,0.0,41.666666666666664,-184.0,2.1865110170765436,35.87667416274262,-189.39972178287712,0.0,41.66666780575572,-184.0000022505394,-0.4212072491645813,-0.5386479496955872,-0.8966876864433289,0.4921940565109253,-1.8079737424850464,-2.2428653240203857
1.24,-0.0011341720819473267,-0.0309433713555336,-0.04376620054244995,-0.2946474850177765,-1.272632850881153e-13,0.00023447901185136288,1050.0,10,0.015,14.394842367458807,-4.814449901717382,-4.814449901717382,13.959183692932129,-2.9387755393981934,-2.2040815353393555,0.0,43.05555555555556,-184.0,1.4584949978239259,38.028195529004556,-189.3849691738681,0.0,43.05555672817623,-184.00000223615822,-0.15135496854782104,-0.5780299305915833,-0.8189677000045776,-0.08174547553062439,-2.0455026626586914,-2.12722110748291
1.28,0.0076029300689697266,-0.03273582458496094,-0.03914723917841911,5.17577896774063e-13,-1.2270115208167648e-13,3.803497516940979e-10,1050.0,10,0.015,14.89723312286779,-4.9137508572308715,-4.9137508572308715,13.959183692932129,-2.9387755393981934,-2.5714285373687744,0.0,44.44444444444444,-184.0,0.7278290838272269,38.3642792650203,-188.92780791605978,0.0,44.444445650232446,-184.00000222140136,0.07566050440073013,-0.6211109757423401,-0.7516390681266785,1.352807879447937,-1.8836259841918945,-1.645704984664917
1.32,0.0035486221313476562,-0.02805926278233528,-0.04088209196925163,-0.34664320945739746,3.9682302474975586,-1.3985890895927555e-13,1050.0,10,0.015,15.40130739936408,-5.009577868037077,-5.009577868037077,14.693878173828125,-3.3061225414276123,-2.5714285373687744,0.0,45.83333333333333,-184.0,1.4563049924907094,40.512000183088844,-188.87387479048175,0.0,45.83333457191957,-184.00000220627564,-0.05406622961163521,0.5326105356216431,-0.7685428261756897,0.7114524841308594,-2.0574612617492676,-1.4855879545211792
1.36,-0.00047597289085388184,-0.02973129227757454,-0.04255412146449089,-0.006019969936460257,9.95694954437909e-13,-8.865112555720214e-14,1050.0,10,0.015,15.907002059787752,-5.101933934782608,-5.101933934782608,15.428570747375488,-3.3061225414276123,-2.5714285373687744,0.0,47.22222222222222,-184.0,1.4597025518457276,42.33712320952699,-189.2707874440957,0.0,47.22222349323305,-184.0000021907881,-0.060498591512441635,-0.5709335803985596,-0.8106573820114136,0.10287646949291229,-2.329033851623535,-2.127941131591797
1.4,0.008350163698196411,-0.03134222701191902,-0.04416505619883537,6.037837872903407e-13,-1.1050214969400216e-13,-1.1050214969400216e-13,1050.0,10,0.015,16.414254171537817,-5.190822209093098,-5.190822209093098,15.428570747375488,-3.3061225414276123,-2.5714285373687744,0.0,48.61111111111111,-184.0,1.4597025518457276,42.33712320952699,-189.2707874440957,0.0,48.61111241416859,-184.00000217494568,0.07520915567874908,-0.5797458291053772,-0.8273364901542664,1.5908061265945435,-2.3647193908691406,-2.1686031818389893
1.44,0.017204225063323975,-0.0328938327729702,-0.04571666195988655,7.137891081150649e-13,-1.2508600383785706e-13,-1.2508600383785706e-13,1050.0,10,0.015,16.923001051032262,-5.2762459863421025,-5.2762459863421025,15.428570747375488,-3.3061225414276123,-2.5714285373687744,0.0,50.0,-184.0,1.4597025518457276,42.33712320952699,-189.2707874440957,0.0,50.00000133472221,-184.0000021587553,0.23918354511260986,-0.6144890785217285,-0.8596261143684387,1.6327131986618042,-2.533128023147583,-2.347165107727051
1.48,0.01967129111289978,-0.034384336322546005,-0.04720716550946236,-2.2707161903381348,-1.2868166547521515e-13,-1.2868166547521515e-13,1050.0,10,0.015,16.923001051032262,-5.2762459863421025,-5.2762459863421025,15.795919418334961,-3.3061225414276123,-2.5714285373687744,-0.0,50.0,-184.0,1.4613578612819285,43.2536014353741,-189.46346552399928,0.0,50.00000133472221,-184.0000021587553,-0.2572481334209442,-0.647247314453125,-0.894449770450592,1.806523323059082,-2.7812671661376953,-2.3707656860351562
1.52,0.00043705105781555176,-0.034384336322546005,-0.04720716550946236,-1.0761070251464844,-4.866870575487628e-26,-4.866870575487628e-26,1050.0,10,0.015,16.94641070099624,-2.0717196219911873,-7.210784685467542,16.897960662841797,-3.3061225414276123,-2.5714285373687744,-10.064926004433003,48.97649706262472,-185.33870967741936,1.4661473369636755,46.018537325330854,-190.01805513922463,-10.064926295432254,48.97649836439596,-185.33871183506614,-0.33428022265434265,-0.6525238752365112,-0.9037206172943115,0.1292225420475006,-2.422663450241089,-2.0938782691955566
1.56,0.007256865501403809,0.0023104920983314514,-0.05532664805650711,9.986977911324857e-10,-0.035327669233083725,1.8220810890197754,1050.0,10,0.015,16.415310670689067,1.3076015945280586,-8.701293869212176,16.530611038208008,-2.2040815353393555,-4.040816307067871,-19.71779275566593,45.94789058101153,-186.67741935483872,-3.6539311547725566,45.40996275420473,-189.32907647299993,-19.7177933185832,45.94789180030093,-186.67742150654593,0.06969249248504639,-0.010353264398872852,-0.518706738948822,1.3898460865020752,-0.26484182476997375,-2.169459581375122
1.6,-0.0020125508308410645,0.009999098256230354,-0.04287230223417282,-6.444459766177801e-13,-0.0703526958823204,0.7578792572021484,1050.0,10,0.015,15.36472082258052,4.721795795456593,-9.688495250932984,16.530611038208008,0.7346938848495483,-6.244897842407227,-28.563410754739614,41.03817206036381,-188.01612903225805,-13.917812781894334,44.6889483550024,-189.75200645115407,-28.56341155823119,41.038173151186605,-188.01613117619993,-0.06618635356426239,0.06025734916329384,-0.6015130281448364,0.008844628930091858,0.5965027809143066,-1.476791501045227
1.64,-0.013937592506408691,0.005473993718624115,-0.04086795449256897,1.4018791683056975e-09,-0.43862760066986084,0.5727903246879578,1050.0,10,0.015,13.846087757337703,8.028891677462951,-10.134767845918113,16.163265228271484,4.408163070678711,-7.3469390869140625,-36.239639361456,34.44834595378433,-189.3548387096774,-23.669606677714782,41.297211281949224,-191.8386953727455,-36.239640364877786,34.44834687507063,-189.35484084740733,-0.28804054856300354,-0.12285131961107254,-0.6480057835578918,-0.14896811544895172,-0.0496043786406517,-1.4034583568572998
1.68,-0.02120792865753174,-0.0009203553199768066,-0.04865734279155731,0.15536856651306152,-0.7107502818107605,-3.7779431276072084e-13,1050.0,10,0.015,11.929991363927133,11.097850958755014,-10.020881574987662,15.061224937438965,8.081632614135742,-7.3469390869140625,-42.432212874737544,26.44820051634812,-190.69354838709677,-31.4844140976789,34.850215662389324,-194.73509538115144,-42.432214031040004,26.44820123290964,-190.69355052271663,-0.3768264055252075,-0.2717203199863434,-0.9091727137565613,0.03800037130713463,-0.7052226066589355,-2.943758249282837
1.72,-0.02259311079978943,0.0013524889945983887,-0.04666942358016968,0.012864815071225166,-0.4255099594593048,1.3470007173468218e-13,1050.0,10,0.015,9.707644493738394,13.818836824454419,-9.34366719483627,13.22449016571045,11.020408630371094,-7.3469390869140625,-46.88760660735402,17.365262642241014,-192.03225806451613,-37.741928011266324,27.09276883060287,-196.03072337153543,-46.88760786545802,17.365263125677554,-192.0322602030171,-0.45471489429473877,-0.1345042735338211,-0.8876360654830933,-0.035695210099220276,-0.489016592502594,-2.7299132347106934
1.76,-0.029324248433113098,0.010372653603553772,-0.03485006093978882,0.11226967722177505,-0.013777551241219044,8.208736424972218e-13,1050.0,10,0.015,7.289502771087802,16.10852817647714,-8.115462722650118,11.387755393981934,13.22449016571045,-7.3469390869140625,-49.42341621640557,7.571388875228835,-193.3709677419355,-42.39292607524953,20.047885811137935,-196.32586169385354,-49.423417523084495,7.571389105093812,-193.37096988732705,-0.5270223021507263,0.11279524862766266,-0.6982442736625671,-0.5656391382217407,0.9168338179588318,-1.66136634349823
1.8,-0.039470985531806946,0.0054555535316467285,-0.013413920998573303,0.018697528168559074,-0.05784611031413078,1.7478615126423347e-12,1050.0,10,0.015,4.800028895070863,17.9103755636512,-6.365434072045864,9.551020622253418,15.795919418334961,-7.3469390869140625,-49.93582535855264,-2.532458441935632,-194.70967741935485,-47.866288930773656,12.535247773929077,-196.51071573831314,-49.93582666015292,-2.5324584766411067,-194.7096795732227,-0.7223511338233948,0.014955653809010983,-0.3261473476886749,-0.8405676484107971,0.39197486639022827,-0.45817726850509644
1.84,-0.03804105520248413,0.004847615957260132,-0.002103157341480255,0.3345751464366913,-0.0019472045823931694,-0.009945675730705261,1050.0,10,0.015,2.3690531850014525,19.19138800603038,-4.142161008286431,6.9795918464660645,17.632652282714844,-6.244897842407227,-48.40385594331021,-12.53262661293602,-196.0483870967742,-49.602440296259054,2.828618298513261,-196.99576494809585,-48.40385718763457,-12.532626912217655,-196.04838925773944,-0.6761547327041626,-0.0015853849472478032,-0.12765875458717346,-0.19573375582695007,0.7375186681747437,-0.38628968596458435
1.88,-0.03558836504817009,0.001559615135192871,-0.0017694756388664246,0.029810290783643723,-0.0001041851646732539,-0.5861572623252869,1050.0,10,0.015,0.12163208418505335,19.93763441104811,-1.5162301296317156,4.408163070678711,19.102041244506836,-4.040816307067871,-44.89022697853708,-22.019707577881718,-197.38709677419354,-48.52809479606287,-7.805330241089045,-198.5320030376281,-44.89022811695655,-22.01970812968448,-197.3870989384351,-0.664216935634613,-0.018810778856277466,-0.2574484944343567,-0.869625449180603,-0.6074648499488831,-0.9427551627159119
1.92,-0.036346159875392914,0.0017603933811187744,-0.0008170269429683685,0.022291982546448708,-3.245130528739537e-07,-0.15014031529426575,1050.0,10,0.015,-1.831033947656842,20.150310163762008,1.4188759322032274,2.2040815353393555,19.83673667907715,-1.4693877696990967,-39.538786846884925,-30.605299127383145,-198.7258064516129,-45.09552677414361,-17.196404033920114,-200.1019702939477,-39.53878783643194,-30.60529990752787,-198.72580861424166,-0.6852487921714783,-0.01559394784271717,-0.1295633614063263,-1.0834076404571533,-0.2500130534172058,-0.971892237663269
1.96,-0.031956978142261505,-0.0009386837482452393,-0.0008811783045530319,2.1045382022857666,-4.144210379308788e-07,-0.3332862854003906,1050.0,10,0.015,-3.3976250655741933,19.843477867998725,4.549254063166903,0.0,20.204082489013672,1.4693877696990967,-32.56862413611111,-37.93790613463955,-200.06451612903226,-40.00548081422847,-26.65191920083104,-201.42505102979516,-32.56862494115453,-37.93790710799657,-200.0645182857905,-0.06668707728385925,-0.07186353206634521,-0.16976362466812134,-0.3399707078933716,-0.18757419288158417,-0.9423827528953552
2.0,-0.03365365043282509,-0.006293356418609619,0.002463303506374359,0.25339755415916443,-3.7034904223215426e-13,-0.8021366000175476,1050.0,10,0.015,-4.509059462790818,19.04383146316589,7.7472394283460915,-1.4693877696990967,20.204082489013672,4.408163070678711,-24.26509812655405,-43.717330807229104,-201.40322580645162,-34.07770338535152,-33.994612025601946,-203.0374599582756,-24.26509871976842,-43.71733192992601,-201.4032279551009,-0.5693116188049316,-0.16062799096107483,-0.29699990153312683,-0.9355325698852539,-0.2934420108795166,-0.1359429657459259
2.04,-0.033818747848272324,-0.02025073766708374,0.0005744695663452148,3.4061028957366943,-9.683543029936903e-13,-1.3545136451721191,1050.0,10,0.015,-5.117937939749441,17.792183492275473,10.881522913645703,-2.5714285373687744,20.204082489013672,7.714285373687744,-14.968156148667902,-47.70696282000244,-202.74193548387098,-27.322828330272333,-41.08473916391905,-205.1704433441699,-14.968156511304,-47.70696404214925,-202.7419376247799,0.780575692653656,-0.4097830355167389,-0.39096975326538086,-1.4162379503250122,-1.0443626642227173,-0.7967096567153931
2.08,-0.0380328968167305,-0.02927243709564209,-0.00242440402507782,2.526107101274988e-09,2.881049156188965,-1.8228726387023926,1050.0,10,0.015,-5.1965517370208145,16.145820959469717,13.828449135605824,-2.9387755393981934,19.46938705444336,11.020408630371094,-5.058416099371614,-49.74346616959476,-204.0806451612903,-18.74783293799215,-45.58267264236646,-207.63262424062017,-5.0584162211115995,-49.743467437990894,-204.08064729706786,-0.7339242696762085,0.7252646684646606,-0.6428146958351135,-1.499692678451538,-1.6506295204162598,-0.6598216891288757
2.12,-0.03940647095441818,-0.025950491428375244,-0.0022826194763183594,-8.000504691249924e-14,0.05626997724175453,-0.6939229369163513,1050.0,10,0.015,-4.7349263829926675,14.180433204893431,16.48159680052191,-2.9387755393981934,17.632652282714844,13.959183692932129,5.058416099371602,-49.74346616959476,-205.41935483870967,-8.214754505063144,-47.19338645182605,-209.19430352239988,5.058416220608108,-49.74346743012905,-205.41935697308665,-0.7551259398460388,-0.50660240650177,-0.2581877112388611,-2.130324602127075,-0.6264121532440186,-1.069737195968628
2.16,-0.03134828805923462,-0.021784693002700806,-0.0072668492794036865,4.703222945649788e-13,0.025256086140871048,-2.497133493423462,1050.0,10,0.015,-3.739906463975168,11.990139297888026,18.75748987862911,-2.9387755393981934,15.428570747375488,16.897960662841797,14.968156148667887,-47.706962820002445,-206.75806451612902,3.3004471384969283,-48.25938769242158,-209.91535239289436,14.968156506731518,-47.70696401977221,-206.75806665252486,-0.5972056984901428,-0.42954808473587036,-1.3880226612091064,-1.3258124589920044,-0.27932068705558777,-0.7847309708595276
2.2,-0.01398225873708725,-0.015132755041122437,-0.006013393402099609,1.191222684729376e-12,3.3801088333129883,-0.7411860227584839,1050.0,10,0.015,-2.235637985467809,9.684471310182719,20.596913316477227,-2.9387755393981934,12.85714340209961,19.102041244506836,24.26509812655404,-43.71733080722911,-208.09677419354838,13.983572373692262,-47.71030269749687,-209.18879975610133,24.265098706893365,-43.717331896580205,-208.096776333825,-0.3136894106864929,1.1059811115264893,-0.34915876388549805,-0.22708946466445923,-0.42911669611930847,-1.3594571352005005
2.24,-0.000550098717212677,-0.016904592514038086,-0.005966842174530029,-1.9232766135246493e-05,4.720023155212402,-0.01378665678203106,1050.0,10,0.015,-0.2651349697802034,7.382100992436891,21.962833856707654,-2.2040815353393555,10.653061866760254,20.93877601623535,32.568624136111104,-37.937906134639555,-209.43548387096774,23.052380968647807,-45.5353523514851,-209.374048915755,32.568624915647824,-37.93790706927181,-209.43548601478076,-0.07563596963882446,1.4552775621414185,-0.18356333673000336,-0.04707931727170944,-0.290843665599823,-0.48152732849121094
2.28,-0.004626867827028036,-0.018620565533638,-0.007773071527481079,-0.9409859776496887,0.14733995497226715,-0.00437938841059804,1050.0,10,0.015,2.107996036567394,5.202341717491665,22.83667578954966,0.0,8.448980331420898,22.40816307067871,39.53878684688493,-30.605299127383134,-210.7741935483871,31.51227932605529,-39.5050930984112,-211.37486497107983,39.538787794262944,-30.60529987044348,-210.77419569333654,-0.3661671280860901,-0.3062685430049896,-0.20864374935626984,-0.9923003911972046,0.9448364973068237,-0.22144946455955505
2.32,-0.008088354021310806,-0.011785350739955902,0.0010679662227630615,-0.7474620938301086,2.9172275066375732,-5.9238800531602465e-08,1050.0,10,0.015,4.799036371624525,3.2563779656583094,23.21463326443068,2.5714285373687744,5.877551078796387,22.775510787963867,44.890226978537086,-22.01970757788171,-212.11290322580646,38.147076554858884,-30.386855654491594,-212.34402038570576,44.89022805501005,-22.019708101742673,-212.11290536831197,-0.3790680766105652,1.0207282304763794,-0.05310675501823425,-1.284441590309143,0.010529518127441406,-0.15825828909873962
2.36,-0.012412860989570618,-0.020102057605981827,-0.005159288644790649,-1.669809341430664,0.022472506389021873,-1.7867424488067627,1050.0,10,0.015,7.704241968549939,1.6402187071901086,23.105170237632095,5.510204315185547,4.408163070678711,23.510204315185547,48.40385594331021,-12.532626612936024,-213.4516129032258,43.52084408593307,-22.31086453023022,-214.94208126647317,48.40385710432829,-12.532626900301063,-213.4516150397878,-1.2104196548461914,-0.4189591407775879,-0.6491646766662598,-0.5942594408988953,-0.21381255984306335,-0.7548659443855286
2.4,-0.0065874457359313965,-0.022664418444037437,-0.007068663835525513,-0.1561548262834549,9.777005470823497e-05,-6.223842513412847e-13,1050.0,10,0.015,10.706353684437484,0.4305323075002281,22.52822237301861,8.081632614135742,2.9387755393981934,23.510204315185547,49.93582535855264,-2.532458441935633,-214.79032258064515,46.97875897940211,-13.910170360663008,-216.1920555631044,49.93582655587083,-2.53245848608058,-214.7903247090112,-0.2263796478509903,-0.4614437520503998,-0.21162407100200653,-1.1538633108139038,-0.9997594952583313,-0.02962329238653183
2.44,-0.005480483174324036,-0.018132012337446213,-0.017139196395874023,-0.3601144552230835,1.7872741222381592,-6.943564646866296e-13,1050.0,10,0.015,13.683166615000156,-0.31666403326856596,21.51604044190462,11.020408630371094,1.4693877696990967,23.510204315185547,49.42341621640557,7.571388875228833,-216.1290322580645,50.45807288267648,-4.439065305438434,-217.44259116675585,49.42341740039225,7.571389070974364,-216.12903437787733,-0.25633567571640015,0.03665668144822121,-0.3843019902706146,-1.144789457321167,0.30507081747055054,-0.5978217124938965
2.48,-0.004816830158233643,-0.02476169727742672,-0.03480541706085205,-0.35861068964004517,0.06857781857252121,-1.2118147197509588e-12,1050.0,10,0.015,16.517481677844238,-0.5653902002473625,20.115119085885265,13.959183692932129,1.1020407676696777,23.510204315185547,46.88760660735402,17.365262642241014,-217.46774193548387,51.74690525415359,3.779935270349671,-220.1270282494001,46.88760772920564,17.365263065447746,-217.46774404821323,-0.24504373967647552,-0.48838624358177185,-0.698480486869812,-1.0606991052627563,-1.2980635166168213,-1.3498631715774536
2.52,-0.00664028525352478,-0.029102332890033722,-0.04002150893211365,-0.8243217468261719,-2.790066083984549e-13,0.03077423945069313,1050.0,10,0.015,19.106057572804612,-0.29841189458372674,18.388234114382744,16.897960662841797,1.1020407676696777,22.40816307067871,42.432212874737544,26.44820051634812,-218.80645161290323,49.448666961928744,13.307476047023876,-222.44044310992882,42.432213888461135,26.44820114653097,-218.80645372114623,-0.37406647205352783,-0.5747315287590027,-0.7868592739105225,-1.5439144372940063,-1.662922739982605,-1.2156258821487427
2.56,7.084012031555176e-05,-0.02444230206310749,-0.031693100929260254,-0.014016162604093552,3.1932656931014936e-13,4.8190717697143555,1050.0,10,0.015,21.365548269971764,0.48368329322580994,16.41534880919797,19.102041244506836,1.1020407676696777,20.204082489013672,36.239639361456,34.448345953784326,-220.14516129032256,44.17463365105889,22.45314823816561,-222.82477194190938,36.23964022564761,34.44834676335252,-220.14516339676788,-0.03658829629421234,-0.47704485058784485,1.215287446975708,-0.7186669111251831,-1.7125918865203857,-1.1067843437194824
2.6,0.001036316156387329,-0.01079208217561245,-0.03406962752342224,-0.059434808790683746,9.470434419317497e-13,0.25563302636146545,1050.0,10,0.015,23.234630276352906,1.7624977512015216,14.292226246919443,21.306123733520508,1.1020407676696777,18.367347717285156,28.56341075473962,41.03817206036381,-221.48387096774195,39.80396926149891,31.132232241034394,-223.02878078630653,28.563411434256402,41.0381730155076,-221.4838730741722,-0.03127029538154602,-0.2522973120212555,-0.5953634977340698,-0.31728115677833557,-0.5754903554916382,-0.9020516872406006
2.64,0.001601189374923706,-0.0012956410646438599,-0.03265625238418579,-3.406453847885132,-0.0008562858565710485,0.08171278983354568,1050.0,10,0.015,24.672869282030717,3.500981383903185,12.126152144108088,23.142858505249023,1.8367347717285156,16.163265228271484,19.717792755665936,45.94789058101153,-222.82258064516128,32.97391821074596,38.418831760221686,-223.5250036107801,19.717793223230164,45.94789164268712,-222.82258275182383,-1.4928629398345947,-0.09053409844636917,-0.6424250602722168,1.0283050537109375,-0.4482857584953308,-0.963615357875824
2.68,0.0074700117111206055,-0.0030101649463176727,-0.03199160099029541,-0.00019415719725657254,-4.779305934906006,0.33093851804733276,1050.0,10,0.015,25.657701315925028,5.64237176532368,10.029144431402703,24.24489974975586,3.6734695434570312,13.959183692932129,10.064926004433014,48.97649706262472,-224.16129032258064,23.74946712354314,42.348912287721596,-225.0444883110568,10.064926242058748,48.97649818780421,-224.16129242812394,0.0631890743970871,-1.990196704864502,-0.5613645315170288,1.1374417543411255,-0.04122795909643173,-0.6729541420936584
2.72,-0.000987619161605835,-0.004104167222976685,-0.036535829305648804,-0.03602778539061546,-0.33819758892059326,0.005271706264466047,1050.0,10,0.015,26.181032382006634,8.109987756862653,8.109987756862662,25.71428680419922,5.877551078796387,12.12244987487793,1.2246467991473532e-14,50.0,-225.5,14.516470528707297,46.50476963862311,-227.34427930800882,1.2033874066735997e-14,50.00000114325184,-225.5000021019788,-0.09177525341510773,-0.20610034465789795,-0.7316415309906006,-0.16745202243328094,-1.5459645986557007,-1.2184497117996216
2.76,0.0017342865467071533,-0.005916327238082886,-0.03797338902950287,-4.123893120322464e-07,-3.418053150177002,0.1472485065460205,1050.0,10,0.015,26.24660909502345,10.809060086860155,6.466856337413449,26.081632614135742,8.448980331420898,10.285714149475098,-10.06492600443299,48.97649706262473,-226.83870967741936,4.295415144839227,46.89139626532449,-229.12206444660725,-10.064926239113188,48.976498177952365,-226.83871177316854,-0.025498054921627045,-1.604339599609375,-0.7123404741287231,0.17443400621414185,-1.0463860034942627,-1.2569323778152466
2.8,-0.003532230854034424,-0.003688037395477295,-0.041005223989486694,-2.5258337643663253e-09,-0.7785766124725342,0.012856828980147839,1050.0,10,0.015,25.868788275619313,13.631391701024409,5.181935144702023,26.4489803314209,11.020408630371094,8.816326141357422,-19.717792755665915,45.947890581011535,-228.17741935483872,-5.190327669122689,46.74424540427975,-230.93553762613735,-19.717793211894122,45.94789162377691,-228.17742144237747,-0.10759619623422623,-0.30594131350517273,-0.8002818822860718,-0.06961089372634888,-0.6216278076171875,-1.5694247484207153
2.84,-0.010126084089279175,0.0006905198097229004,-0.04419846087694168,-3.888559125305585e-13,-2.4601778984069824,3.721232496900484e-05,1050.0,10,0.015,25.072824513772424,16.462731340336575,4.318557792877297,26.4489803314209,13.591836929321289,7.714285373687744,-28.5634107547396,41.03817206036383,-229.51612903225805,-13.947523125742734,44.94347067984313,-232.69359621017043,-28.563411410302116,41.03817298911062,-229.5161311108858,-0.24449558556079865,-1.2434405088424683,-0.8513035178184509,-0.013872137293219566,0.6984658241271973,-2.012296676635742
2.88,-0.017607450485229492,0.005226105451583862,-0.046443067491054535,1.9053649283340413e-11,-0.11491111665964127,1.0692137948353775e-05,1050.0,10,0.015,23.896348734382826,19.19163361210924,3.92046367885541,26.081632614135742,16.163265228271484,6.9795918464660645,-36.239639361455986,34.44834595378434,-230.8548387096774,-21.983665737063614,41.47128991838904,-234.46697269809556,-36.239640186537805,34.44834673184497,-230.8548407800643,-0.36964812874794006,0.023122379556298256,-0.9076473712921143,-0.3908085823059082,-0.2109559178352356,-2.3115952014923096
2.92,-0.025318443775177002,0.0015631020069122314,-0.046979814767837524,0.0009449896169826388,-0.6558396816253662,4.238085082874932e-08,1050.0,10,0.015,22.391320623732398,21.717845639575888,4.012243839636033,25.346939086914062,19.102041244506836,6.612245082855225,-42.43221287473754,26.44820051634814,-232.19354838709677,-30.252278821341807,35.81963202230359,-236.6758045058447,-42.432213833494316,26.448201113210228,-232.19355045088503,-0.5056244134902954,-0.15026450157165527,-0.9192318320274353,-0.5444933176040649,-0.6237684488296509,-2.241076946258545
2.96,-0.019528567790985107,0.0007737278938293457,-0.038967929780483246,0.14777976274490356,-1.6740394830703735,3.3517881092848256e-05,1050.0,10,0.015,20.625440978679805,23.95836236159906,4.600000391608106,23.510204315185547,21.67346954345703,6.244897842407227,-46.887606607354016,17.365262642241035,-233.53225806451613,-37.63845879986881,27.147554660021,-237.18638733185566,-46.88760765942921,17.36526303470163,-233.53226012362092,-0.3458622395992279,-1.0005357265472412,-0.7866925001144409,0.026015162467956543,0.7951100468635559,-1.900913119316101
3.0,-0.024703681468963623,0.0014110803604125977,-0.02870888262987137,0.0070809233002364635,-0.147127166390419,7.125160921342411e-13,1050.0,10,0.015,18.6819325723832,25.85018696503498,5.671566391141009,22.040817260742188,23.87755012512207,6.244897842407227,-49.42341621640556,7.571388875228859,-234.8709677419355,-43.34217164912414,19.58351550250319,-237.82938692216595,-49.42341731841188,7.571389048356713,-234.87096979781262,-0.5045443177223206,-0.10832688212394714,-0.6010441184043884,-0.23709189891815186,-0.21296072006225586,-1.4610012769699097
3.04,-0.02656710147857666,0.002372145652770996,-0.016417354345321655,0.07030079513788223,-0.029094241559505463,-2.735937865150362e-10,1050.0,10,0.015,16.656895630870522,27.349997803595997,7.19613817033026,20.204082489013672,25.71428680419922,6.612245082855225,-49.93582535855264,-2.532458441935609,-236.20967741935482,-47.27328100226145,10.955815744756825,-238.10159156098726,-49.935826465615534,-2.532458494057198,-236.20967947248008,-0.506200909614563,-0.034242283552885056,-0.4012952744960785,-0.6119468212127686,-0.06393933296203613,-0.723839521408081
3.08,-0.02985292673110962,0.0029029548168182373,-0.002632632851600647,0.06919745355844498,-0.026162123307585716,-0.5727909803390503,1050.0,10,0.015,14.654146991811503,28.431773715603686,9.123707382544039,18.367347717285156,27.183673858642578,7.3469390869140625,-48.40385594331021,-12.532626612936044,-237.5483870967742,-49.43124397140277,2.396484308451465,-238.3998941254209,-48.403857010740154,-12.532626886777035,-237.54838914649443,-0.560213029384613,-0.039953961968421936,-0.31009504199028015,-0.8048747777938843,0.16932690143585205,-0.7855381965637207
3.12,-0.02633988857269287,0.0025497078895568848,-0.0010467320680618286,0.3571069538593292,-0.0022819440346211195,-0.1586114764213562,1050.0,10,0.015,12.77833105003254,29.083704130962634,11.385111452287845,16.163265228271484,28.285715103149414,9.183673858642578,-44.89022697853709,-22.01970757788169,-238.88709677419354,-48.134101396190644,-8.169933683346853,-239.56695797714067,-44.890227963595,-22.019708060471608,-238.88709881898436,-0.42255595326423645,-0.014083023183047771,-0.1681033968925476,-0.3553692400455475,0.09146007895469666,-0.8161994814872742
3.16,-0.027021706104278564,-0.0053067803382873535,-0.0064577460289001465,0.05748394876718521,-0.05745154991745949,-0.7495524883270264,1050.0,10,0.015,11.127716779715376,29.30551074460525,13.89369428016753,14.326530456542969,29.38775634765625,11.755102157592773,-39.53878684688492,-30.60529912738315,-240.2258064516129,-45.177715207639416,-18.80623615250494,-241.8993139616815,-39.538787710512665,-30.60529979686685,-240.22580848963474,-0.5356521010398865,-0.18114472925662994,-0.3824121057987213,-0.5629392862319946,-0.23224934935569763,-1.3991256952285767
3.2,-0.023773059248924255,-0.0014356374740600586,-0.0075543224811553955,0.7432683706283569,2.498421391647354e-13,-0.4300674796104431,1050.0,10,0.015,9.788122924079953,29.106885546045785,16.54932769610454,12.489795684814453,29.38775634765625,14.326530456542969,-32.56862413611113,-37.93790613463952,-241.56451612903226,-38.997016632199205,-27.736344010824276,-243.06484543793403,-32.5686248444734,-37.93790696139656,-241.5645181587653,-0.28080129623413086,-0.09067513793706894,-0.3749130964279175,-0.5721504092216492,-0.17312613129615784,-0.9427420496940613
3.24,-0.02150784432888031,-0.004901885986328125,-0.0060852766036987305,1.6736164093017578,-2.4073635879889865e-13,-1.7971340417861938,1050.0,10,0.015,8.828849778503123,28.507300577783056,19.24484744004178,11.020408630371094,29.38775634765625,16.897960662841797,-24.265098126554044,-43.71733080722911,-242.90322580645162,-32.697986010765135,-35.67972984981068,-244.2788471970913,-24.265098652293776,-43.7173317554395,-242.90322782716257,0.47353678941726685,-0.1515955775976181,-0.7304068803787231,-0.5433969497680664,-0.07144643366336823,-0.7034056186676025
3.28,-0.03183937072753906,-0.008955448865890503,-0.003919780254364014,8.118853855876296e-08,2.5084023747012907e-09,-0.34662064909935,1050.0,10,0.015,8.300686654011697,27.53704111623567,21.874018730928498,10.653061866760254,29.020408630371094,19.46938705444336,-14.968156148667934,-47.70696282000243,-244.24193548387098,-25.342374251765357,-40.1250380394231,-246.73424359522392,-14.968156471866829,-47.706963849448854,-244.24193749574798,-0.6174032092094421,-0.2256273627281189,-0.23557093739509583,-1.3618427515029907,-0.35745376348495483,-1.2660281658172607
3.32,-0.03464503586292267,-0.025890350341796875,-0.002911508083343506,1.923116830712668e-12,-1.0007734658340484e-12,-1.2932159900665283,1050.0,10,0.015,8.235422327420148,26.238955885524522,24.339419424184243,10.285714149475098,29.020408630371094,22.040817260742188,-5.0584160993716045,-49.74346616959476,-245.5806451612903,-18.796137662651272,-45.22701227501593,-249.1014823212208,-5.058416208258208,-49.74346723749705,-245.58064716523248,-0.6737207770347595,-0.5076683759689331,-0.48612087965011597,-1.6169081926345825,-1.4050670862197876,-1.199244737625122
3.36,-0.03578473627567291,-0.022899091243743896,-0.004762053489685059,-7.92364153348428e-14,4.027314186096191,-1.7236638069152832,1050.0,10,0.015,8.646037867300002,24.67011605826358,26.558544753326572,10.285714149475098,27.551021575927734,24.612245559692383,5.058416099371567,-49.74346616959476,-246.91935483870967,-7.976751157642069,-46.9940136290235,-250.73594427623965,5.058416207941874,-49.74346723235675,-246.9193568358926,-0.696994423866272,1.1506892442703247,-1.11588716506958,-1.7988104820251465,-1.3008774518966675,-0.8608851432800293
3.4,-0.028618410229682922,-0.018224507570266724,-0.004499912261962891,4.982310679475799e-13,1.5169610977172852,-1.7023624181747437,1050.0,10,0.015,9.526898555601122,22.90240858792926,28.467071097093566,10.285714149475098,25.71428680419922,26.816326141357422,14.9681561486679,-47.70696282000244,-248.25806451612902,2.998530321173375,-47.590157451643954,-251.183495922733,14.968156468993344,-47.70696383485262,-248.258066507526,-0.5718722939491272,-0.053811702877283096,-1.1282190084457397,-1.3522080183029175,0.7622426152229309,-0.6049439907073975
3.44,-0.019655227661132812,-0.017019599676132202,-0.003245621919631958,-0.03013436868786812,0.872016966342926,-0.3879161477088928,1050.0,10,0.015,10.853646758145082,21.02119427271579,30.019209421694363,10.653061866760254,23.87755012512207,28.653060913085938,24.26509812655401,-43.717330807229125,-249.59677419354838,13.005981108099581,-46.63617726987478,-251.51481040269073,24.26509864419717,-43.71733173378546,-249.5967761795738,-0.4406278431415558,0.3218899965286255,-0.2611410617828369,-0.46129441261291504,-0.24185173213481903,-0.7869866490364075
3.48,-0.0029113739728927612,-0.017795681953430176,-0.0018020272254943848,-0.0007003772770985961,0.06899828463792801,-0.2810163199901581,1050.0,10,0.015,12.58297299514708,19.121626423162095,31.185921135613924,11.020408630371094,22.040817260742188,30.12244987487793,32.568624136111104,-37.93790613463955,-250.93548387096774,21.96670933353045,-45.095672763851624,-251.16763144950863,32.56862482840401,-37.93790693640828,-250.9354858513462,-0.13379935920238495,-0.36776405572891235,-0.17619076371192932,-0.10759101808071136,-0.2419745922088623,-1.1255632638931274
3.52,0.001626715064048767,-0.018892884254455566,-0.0006735324859619141,-0.06968614459037781,0.29630401730537415,-0.4143366813659668,1050.0,10,0.015,14.652863720787863,17.30295994673108,31.9521500982161,12.489795684814453,20.204082489013672,31.224491119384766,39.538786846884896,-30.60529912738318,-252.27419354838707,29.96034886722672,-39.99505880059868,-252.2173821220795,39.538787683856285,-30.60529977314483,-252.27419552227636,-0.05159138888120651,-0.32162776589393616,-0.23053711652755737,-0.3957180976867676,0.2234542965888977,-0.5150437951087952
3.56,-0.007126599550247192,-0.018576353788375854,-0.00012189149856567383,-0.4163984954357147,0.04995855316519737,-0.00010463564831297845,1050.0,10,0.015,16.984144282095514,15.661875702081295,32.314153702292074,15.061224937438965,18.367347717285156,31.959182739257812,44.89022697853708,-22.019707577881718,-253.61290322580646,37.01302980641444,-31.157747860895395,-254.49764815939125,44.89022792423995,-22.01970804286552,-253.612905192117,-0.3384878933429718,-0.39653414487838745,-0.09912197291851044,-1.0650535821914673,-0.21729017794132233,-0.2295861691236496
3.6,-0.011319369077682495,-0.02157333493232727,-0.00021517276763916016,-0.7945867776870728,0.004348468035459518,-6.495105964177128e-08,1050.0,10,0.015,19.48401174977032,14.286142401294937,32.27768790057632,17.632652282714844,16.897960662841797,32.32653045654297,48.403855943310205,-12.532626612936076,-254.9516129032258,42.047409236765425,-22.085530112509467,-256.561951821625,48.40385695748156,-12.532626879693792,-254.95161486100542,-0.5133454203605652,-0.46435514092445374,-0.10789668560028076,-0.9506679177284241,-0.4767765402793884,-0.0853625237941742
3.64,-0.006156414747238159,-0.01993986964225769,-0.0008522868156433105,-0.13326294720172882,0.0011135241948068142,-4.347943107440265e-14,1050.0,10,0.015,22.051725866423457,13.24968718020039,31.857406475314807,19.83673667907715,15.428570747375488,32.32653045654297,49.93582535855264,-2.5324584419356455,-256.2903225806451,45.89047443334657,-13.301197585401898,-257.40431017357827,49.93582639849112,-2.5324585008869587,-256.2903245293707,-0.22968149185180664,-0.4304545521736145,-0.12187936156988144,-0.7015893459320068,-0.5939520001411438,-0.0335453525185585
3.68,0.00018996000289916992,-0.018794238567352295,-0.00818789005279541,-0.13351644575595856,0.00014260027091950178,-4.2770786370070757e-13,1050.0,10,0.015,24.585835292801008,12.609516569468724,31.07746753262347,22.040817260742188,14.326530456542969,32.32653045654297,49.42341621640558,7.571388875228778,-257.6290322580645,48.78613508835478,-4.9538960587215355,-258.4742280231609,49.42341723893087,7.571389025531225,-257.62903419773073,-0.09065057337284088,-0.4035930931568146,-0.24469098448753357,-0.5520620942115784,-1.186523675918579,-0.3259678781032562
3.72,-0.0004615485668182373,-0.023556426167488098,-0.021799683570861816,-1.083603024482727,0.0002321911306353286,-1.0973448712203737e-12,1050.0,10,0.015,26.991615919003348,12.404273683303941,29.973012310554374,24.612245559692383,13.959183692932129,32.32653045654297,46.88760660735403,17.365262642241003,-258.9677419354839,49.930837646243795,3.6013678343152944,-260.97972185731106,46.88760757071559,17.36526299505849,-258.96774386647843,-0.3573191165924072,-0.4854044020175934,-0.4756328761577606,-0.6879328489303589,-1.3158950805664062,-1.078012228012085
3.76,-0.0033523142337799072,-0.02072642743587494,-0.034665465354919434,-0.7622221112251282,0.00023219177091959864,0.0580083467066288,1050.0,10,0.015,29.18718370845649,12.653824496864777,28.591889761899882,27.183673858642578,13.591836929321289,31.959182739257812,42.43221287473758,26.448200516348074,-260.30645161290323,49.92573003990748,13.00514403174663,-262.8965850128435,42.43221374036805,26.44820105689429,-260.3064535357551,-0.30462446808815,-0.4322461485862732,-0.688851535320282,-1.0026381015777588,-1.3002643585205078,-1.5579391717910767
3.8,0.002911090850830078,-0.01637183129787445,-0.045947372913360596,-0.7897782325744629,2.987672500891214e-13,0.000984226819127798,1050.0,10,0.015,31.107167126331206,13.359230512725812,26.99578820275603,29.020408630371094,13.591836929321289,31.224491119384766,36.239639361456014,34.44834595378431,-261.64516129032256,47.86544770348677,20.28082433068382,-264.1745887631578,36.23964009549331,34.448346659612156,-261.6451632054452,-0.2719365060329437,-0.36765575408935547,-0.9092913269996643,0.15175732970237732,-1.0930722951889038,-2.080432891845703
3.84,0.004364371299743652,-0.004060283303260803,-0.04174751043319702,-0.14667126536369324,8.445106051101214e-13,0.793006956577301,1050.0,10,0.015,32.70365800985948,14.5027166646182,25.259908222304603,30.857141494750977,13.591836929321289,29.38775634765625,28.563410754739664,41.038172060363785,-262.98387096774195,42.55470367251004,29.47232135332272,-264.2233286920978,28.563411329269332,41.03817290208497,-262.98387287526685,-0.018174519762396812,-0.1525970846414566,-0.597044050693512,-0.062037624418735504,-0.22139668464660645,-1.438334345817566
3.88,0.006582856178283691,-0.003336697816848755,-0.03998762369155884,-0.048242222517728806,-0.005666255950927734,0.030170651152729988,1050.0,10,0.015,33.94497167002852,16.047642503342797,23.470579850984805,32.32653045654297,14.693878173828125,27.551021575927734,19.717792755665947,45.94789058101153,-264.3225806451613,34.59896775394722,35.93541597688464,-265.6408231329352,19.71779314965241,45.947891523396535,-264.3225825449036,0.012478095479309559,-0.13489100337028503,-0.8069019913673401,1.0003045797348022,-0.5399859547615051,-1.2069957256317139
3.92,0.002601921558380127,-0.002018749713897705,-0.03274831175804138,-0.03604807332158089,-0.02852589078247547,0.3015258312225342,1050.0,10,0.015,34.81320475698164,17.938883680702073,21.72079296866429,33.795921325683594,16.163265228271484,25.346939086914062,10.064926004433069,48.976497062624716,-265.6612903225806,24.669197180430825,42.46235995730939,-266.8242397236139,10.064926204324259,48.97649806605486,-265.6612922141296,-0.03373248502612114,-0.11413125693798065,-0.5682633519172668,-0.12077678740024567,-0.937289834022522,-0.5392086505889893
3.96,0.004932105541229248,-0.0010664165019989014,-0.03123098611831665,-3.880173608195037e-06,-0.08127724379301071,1.6740261316299438,1050.0,10,0.015,35.301618102210305,20.10428338439873,20.10428338439873,34.53061294555664,18.0,23.510204315185547,2.4492935982947064e-14,50.0,-267.0,14.824483173231629,45.29380852472608,-268.13136416028874,0.0,50.00000102218139,-267.00000188288845,0.0004762098251376301,-0.12851959466934204,0.2908381521701813,0.5803880095481873,-0.867316484451294,-1.5109447240829468
4.0,0.0006334781646728516,0.004669874906539917,-0.03379860520362854,-0.006879925262182951,-0.006138690281659365,1.518836259841919,1050.0,10,0.015,35.41262994469699,22.457802753338797,18.70928138467324,35.26530456542969,19.83673667907715,22.040817260742188,-10.064926004432936,48.97649706262474,-268.33870967741933,5.945947204726698,47.49039799883499,-269.5220482179471,-10.064926202408543,48.97649806045484,-268.3387115512981,-0.0521496944129467,-0.014093546196818352,-0.3054979145526886,-0.07843431830406189,-0.13581185042858124,-1.1201823949813843
4.04,0.002570807933807373,0.000866323709487915,-0.03891173005104065,1.3101110094785456e-13,-0.288821280002594,0.254677951335907,1050.0,10,0.015,35.15686155683235,24.904611916550913,17.613046548207237,35.26530456542969,22.40816307067871,20.93877601623535,-19.717792755665904,45.94789058101154,-269.6774193548387,-3.9999386375502186,45.387152719012775,-271.8546727361486,-19.717793142301666,45.9478915125036,-269.6774212195751,-0.02836790308356285,-0.17777593433856964,-0.7064419984817505,0.0714721754193306,-0.31036120653152466,-1.6433264017105103
4.08,-0.0018920302391052246,-0.0013088583946228027,-0.04522290825843811,-3.06128549159429e-13,-1.7037428617477417,4.359429658506997e-05,1050.0,10,0.015,34.55334159983446,27.34770085809911,16.877898478617265,35.26530456542969,24.979591369628906,20.204082489013672,-28.56341075473963,41.038172060363806,-271.01612903225805,-13.137353230845836,42.58317171527634,-274.35081786399337,-28.563411313818822,41.03817288655355,-271.01613088790896,-0.11327532678842545,-1.0147308111190796,-0.9066451191902161,0.0856584683060646,-0.12221797555685043,-2.2226428985595703
4.12,-0.006015479564666748,0.0028628110885620117,-0.04523000121116638,1.424377956027456e-06,-0.05677919089794159,7.980277700880833e-07,1050.0,10,0.015,33.63067447526988,29.694927738758487,16.54885879770599,34.8979606628418,27.183673858642578,19.46938705444336,-36.23963936145598,34.44834595378435,-272.35483870967744,-21.390989898740656,38.87647413711199,-275.7426524334736,-36.23964007047363,34.44834664054473,-272.35484055635914,-0.1838432401418686,-0.07796065509319305,-0.9170835018157959,0.1707710325717926,-0.1299644261598587,-2.0815930366516113
4.16,-0.015706419944763184,0.005360662937164307,-0.04456070065498352,9.743998089106753e-05,-0.02247398905456066,3.0770859638096226e-08,1050.0,10,0.015,32.42870378604985,31.865117517355674,16.65254453329207,34.53061294555664,29.38775634765625,19.102041244506836,-42.43221287473755,26.448200516348113,-273.69354838709677,-28.802446854103277,34.51141744467848,-277.44959328469645,-42.432213705607104,26.448201036009962,-273.6935502248311,-0.35185176134109497,-0.04316159710288048,-0.8853996396064758,-0.044646844267845154,0.49273180961608887,-2.323552370071411
4.2,-0.017451047897338867,0.004769325256347656,-0.04275256395339966,9.746196155901998e-05,-0.18383966386318207,1.2339509568217583e-13,1050.0,10,0.015,30.999971486436436,33.79207494697625,17.196770127752654,33.42857360839844,31.591838836669922,19.102041244506836,-46.88760660735401,17.365262642241046,-275.0322580645161,-35.39289185611966,26.86881908159835,-278.9163767075511,-46.88760752724908,17.365262974881674,-275.0322598931455,-0.3846137225627899,-0.055007994174957275,-0.8545551300048828,-0.12504053115844727,0.23924368619918823,-2.4549715518951416
4.24,-0.016740918159484863,0.006344735622406006,-0.03325274586677551,0.005142913665622473,-0.06512227654457092,6.563623342753511e-13,1050.0,10,0.015,29.410160452314862,35.42606373609048,18.17042972806722,31.959182739257812,33.42857360839844,19.102041244506836,-49.42341621640557,7.571388875228827,-276.3709677419355,-40.97223069659209,18.495875331326033,-279.2764794940827,-49.42341718879896,7.571389009490843,-276.3709695611497,-0.3681245744228363,-0.024608386680483818,-0.6925070881843567,-0.08130118250846863,0.8672362565994263,-1.999420166015625
4.28,-0.012431085109710693,0.002806425094604492,-0.016260206699371338,2.0625452995300293,-0.064649298787117,1.1549206686486957e-12,1050.0,10,0.015,27.736821873230763,36.733071741996476,19.543540341987892,30.12244987487793,35.26530456542969,19.102041244506836,-49.93582535855264,-2.532458441935596,-277.7096774193548,-46.598487386816295,8.862368730244887,-278.7999655794541,-49.93582634447779,-2.5324585085730686,-277.7096792288085,0.23006530106067657,-0.02120940200984478,-0.40136444568634033,0.7383363246917725,0.08181796967983246,-0.8792730569839478
4.32,-0.015991777181625366,-2.777576446533203e-05,-0.005117923021316528,4.00825834274292,-0.32982751727104187,-2.9094250202178955,1050.0,10,0.015,26.066087524252307,37.69269397945756,21.267689235111007,28.653060913085938,36.73469543457031,19.83673667907715,-48.40385594331021,-12.53262661293603,-279.0483870967742,-49.25108535106996,0.06282946031166889,-279.39257362436075,-48.40385690280674,-12.532626874422201,-279.04838889623375,1.2386834621429443,-0.20344685018062592,-1.5068292617797852,-0.25904709100723267,0.22482943534851074,-0.2116362452507019
4.36,-0.019505351781845093,0.0038974881172180176,-0.0006706118583679199,1.780320405960083,-5.4049356549512595e-05,-0.14683926105499268,1050.0,10,0.015,24.487661409084392,38.295597512370065,23.27739976726422,27.183673858642578,37.469390869140625,21.306123733520508,-44.8902269785371,-22.01970757788168,-280.38709677419354,-47.681576710056746,-8.517560116150978,-280.542595665635,-44.8902278722007,-22.019708020299664,-280.38709856364613,0.08951078355312347,0.005644893739372492,-0.19054782390594482,-0.2863389849662781,0.2713364064693451,-0.5826513171195984
4.4,-0.02140796184539795,0.001597285270690918,-0.004063218832015991,0.035901572555303574,-2.0384937670314685e-05,-0.5708610415458679,1050.0,10,0.015,23.088929908940077,38.54137001271528,25.49297239640171,25.71428680419922,38.20408248901367,23.510204315185547,-39.538786846884925,-30.60529912738314,-281.7258064516129,-44.07943558689594,-18.287215948525606,-282.5831920929475,-39.53878763744544,-30.605299729965857,-281.72580823128726,-0.4284578859806061,-0.040831539779901505,-0.3242863118648529,-0.38504868745803833,-0.16087239980697632,-1.1538777351379395
4.44,-0.0201759934425354,-0.0005241036415100098,-0.0038621723651885986,0.9240384697914124,-0.002513960236683488,-0.1328972429037094,1050.0,10,0.015,21.949256647356655,38.437258582854156,27.825085298637664,24.24489974975586,38.57143020629883,25.71428680419922,-32.56862413611115,-37.93790613463951,-283.06451612903226,-39.12715327655098,-27.384449200348133,-283.9709683308937,-32.56862478999973,-37.93790687096758,-283.06451789930725,-0.18370896577835083,-0.07645406574010849,-0.2256487011909485,-0.12819568812847137,-0.21634386479854584,-0.9269008040428162
4.48,-0.02083149552345276,-0.002340972423553467,-0.008039236068725586,0.3294503688812256,-1.2480485666200442e-13,-3.4732487201690674,1050.0,10,0.015,21.135335479559792,37.99799754421689,30.180889717377095,23.142858505249023,38.57143020629883,28.285715103149414,-24.265098126554054,-43.717330807229104,-284.4032258064516,-31.782102438898463,-35.268720205164456,-285.85045524832935,-24.265098615448895,-43.717331646507176,-284.4032275676678,-0.36641520261764526,-0.11485601961612701,-1.731835961341858,-0.27502235770225525,-0.07894624769687653,-0.7635489702224731
4.52,-0.028627067804336548,-0.01000821590423584,0.001020193099975586,1.2801281172869494e-06,-5.259349271195812e-13,-0.3522796332836151,1050.0,10,0.015,20.697997365764714,37.2466457831564,32.47071936924852,22.775510787963867,38.57143020629883,30.12244987487793,-14.968156148667946,-47.70696282000243,-285.741935483871,-26.4098518254379,-39.615940395513455,-287.64284399552537,-14.968156450991614,-47.706963728345,-285.7419372361141,-0.5794575810432434,-0.25162428617477417,-0.20606479048728943,-1.1549426317214966,-0.25743359327316284,-0.7159156799316406
4.56,-0.02984797954559326,-0.01671123504638672,0.0025162100791931152,2.5169566431060275e-09,4.190262803405176e-09,-0.2547903060913086,1050.0,10,0.015,20.67036994542586,36.2161001001458,34.614166618657144,22.40816307067871,38.20408248901367,32.32653045654297,-5.058416099371616,-49.74346616959476,-287.0806451612903,-18.588052349987255,-43.969792876071914,-289.4229724056104,-5.058416201638469,-49.74346711128817,-287.0806469042501,-0.6094768047332764,-0.36182719469070435,-0.13824088871479034,-1.3206714391708374,-0.6624281406402588,-0.7746376395225525
4.6,-0.03032967448234558,-0.021874070167541504,0.001458883285522461,-3.304187096999332e-14,3.885646947310306e-05,-0.4148833155632019,1050.0,10,0.015,21.066993152478865,34.95071949889885,36.54438910716711,22.40816307067871,37.469390869140625,34.53061294555664,5.058416099371556,-49.74346616959476,-288.41935483870964,-9.387380952248678,-46.56326537243848,-291.28269587159883,5.0584162015451835,-49.743467108323706,-288.4193565717035,-0.623080849647522,-0.4592542350292206,-0.21189865469932556,-1.1484284400939941,-0.7985257506370544,-0.760405957698822
4.64,-0.023407727479934692,-0.01831376552581787,0.003090083599090576,4.040044394946346e-13,0.0011866881977766752,-0.01112621184438467,1050.0,10,0.015,21.883477394414783,33.50733120841596,38.21006512015307,22.40816307067871,36.0,36.367347717285156,14.968156148667802,-47.706962820002474,-289.758064516129,1.1764635446194114,-47.207409803999184,-291.788258233365,14.96815645010324,-47.706963720028845,-289.75806623830323,-0.5002039074897766,-0.4057348966598511,-0.06710151582956314,-1.0574536323547363,-0.3997052311897278,-0.5552983283996582
4.68,-0.015568524599075317,-0.01786017417907715,0.00010496377944946289,-0.0011080653639510274,0.0031299134716391563,-0.9329156279563904,1050.0,10,0.015,23.096499507380617,31.95488589962691,39.57513191682278,22.775510787963867,34.53061294555664,38.20408248901367,24.26509812655408,-43.71733080722909,-291.0967741935484,11.795544126935063,-46.77826024741289,-292.51885498227165,24.2650986127358,-43.71733163449504,-291.0967759041823,-0.37173670530319214,-0.40056782960891724,-0.3805145025253296,-0.4504985213279724,-0.35856810212135315,-0.8691828846931458
4.72,-0.00080910325050354,-0.01930898427963257,0.004694521427154541,-0.13137391209602356,0.0006174232694320381,-3.332289634272456e-05,1050.0,10,0.015,24.664244414469145,30.37227464383605,40.61699049499833,23.142858505249023,33.061222076416016,39.30612564086914,32.568624136111104,-37.937906134639555,-292.43548387096774,20.004759802655478,-45.04110192056762,-292.33517865026784,32.56862478408536,-37.93790685776119,-292.4354855697525,-0.1371120810508728,-0.4060785472393036,-0.0387151874601841,-0.2669997215270996,-0.7084288597106934,-0.31260886788368225
4.76,-0.005504637956619263,-0.01487356424331665,-0.002766549587249756,-2.8251101970672607,3.3092055320739746,-1.674269199371338,1050.0,10,0.015,26.527674844532612,28.844302822630258,41.3240734130487,24.979591369628906,31.224491119384766,40.7755126953125,39.538786846884896,-30.60529912738319,-293.7741935483871,30.586638791770447,-38.733877105449594,-294.2206479601565,39.53878762668101,-30.605299718522893,-293.7741952355637,-1.4569158554077148,1.0729657411575317,-1.1020845174789429,-0.35673606395721436,-0.6532546281814575,-0.3086288273334503
4.8,-0.011448889970779419,-0.015896499156951904,-0.003248155117034912,-1.6983146667480469,0.14622627198696136,-0.0014094264479354024,1050.0,10,0.015,28.613109894133448,27.456372249855985,41.69358389334258,27.183673858642578,29.755102157592773,41.51020431518555,44.89022697853704,-22.01970757788181,-295.11290322580646,37.556806365247795,-30.39643221955062,-296.3018095171789,44.89022785490553,-22.01970801352696,-295.1129049021031,-1.2250988483428955,-0.29316288232803345,-0.182427316904068,-0.5540721416473389,-0.2181268036365509,-0.03766985982656479
4.84,-0.007108867168426514,-0.014474272727966309,0.003200829029083252,-1.6684722900390625,0.6705990433692932,4.415288664197381e-13,1050.0,10,0.015,30.83641690507811,26.28879804694773,41.72996498975639,29.020408630371094,28.285715103149414,41.51020431518555,48.40385594331022,-12.532626612936005,-296.4516129032258,41.92433110814762,-21.70951566733294,-296.9828614918804,48.40385687759783,-12.5326268746539,-296.4516145696007,-1.14497971534729,-0.22069630026817322,-0.05460953712463379,-0.18090252578258514,1.2346729040145874,-0.11678710579872131
4.88,-0.00036203861236572266,-0.015618503093719482,0.0038361549377441406,-0.4123525619506836,0.012771030887961388,4.35802008900716e-14,1050.0,10,0.015,33.10867200245259,25.411700762179535,41.44437425927077,30.857141494750977,27.183673858642578,41.51020431518555,49.93582535855264,-2.532458441935658,-297.7903225806451,45.14787648902127,-13.53684873584315,-297.8969790919564,49.93582631060621,-2.5324585171777705,-297.7903242379092,-0.19761253893375397,-0.34725576639175415,-0.05571076646447182,-0.535489022731781,-0.5053894519805908,-0.09586548060178757
4.92,0.007239997386932373,-0.018103986978530884,-0.001148521900177002,-0.13038383424282074,0.00019932902068831027,-3.419242970356673e-13,1050.0,10,0.015,35.34257820501509,24.881088576978325,40.85518019482604,32.693878173828125,26.4489803314209,41.51020431518555,49.42341621640558,7.571388875228766,-299.1290322580645,47.2675641061966,-5.86134052810835,-299.142215470537,49.42341714644567,7.571388992251046,-299.12903390651087,-0.025937292724847794,-0.38286712765693665,-0.1422618180513382,0.8094034194946289,-1.132651925086975,-0.13768897950649261
4.96,0.007760465145111084,-0.020953238010406494,-0.011431992053985596,-0.29497230052948,1.2456281183403917e-05,-8.23948114597739e-13,1050.0,10,0.015,37.458522168855566,24.73627985127445,39.989262295243776,34.8979606628418,26.081632614135742,41.51020431518555,46.887606607354066,17.365262642240907,-300.46774193548384,48.30857715212197,2.6700280749080543,-301.2339007981357,46.88760747776472,17.365262949696884,-300.46774357467416,-0.05669510364532471,-0.43520674109458923,-0.32593727111816406,0.5887556076049805,-1.5453951358795166,-0.5618094801902771
5.0,0.006221354007720947,-0.023480504751205444,-0.026544809341430664,-0.48079714179039,-1.8511081068591645e-13,-1.1069729117726967e-12,1050.0,10,0.015,39.38914553608942,24.998448122661333,38.88367471602111,37.10204315185547,26.081632614135742,41.51020431518555,42.43221287473754,26.448200516348138,-301.80645161290323,48.267859608268196,10.80525352464453,-303.7066218220892,42.43221365167993,26.448201004146,-301.80645324172525,-0.14375311136245728,-0.49030566215515137,-0.588203489780426,0.6073960065841675,-1.7622125148773193,-1.3147456645965576
5.04,0.007859647274017334,-0.018905967473983765,-0.04584115743637085,-0.015843743458390236,3.350726000914822e-13,-1.4134052001707476e-12,1050.0,10,0.015,41.08174006450399,25.669937556269307,37.587043352791504,38.93877410888672,26.081632614135742,41.51020431518555,36.239639361456014,34.44834595378431,-303.14516129032256,48.189808982235725,17.749076325021008,-305.551499132615,36.23964001617068,34.4483466033935,-303.1451629073295,0.04324208199977875,-0.4154450297355652,-0.9378463625907898,0.8479548692703247,-1.2906641960144043,-1.992826223373413
5.08,0.011755406856536865,-0.007186084985733032,-0.04282712936401367,-0.00023540710390079767,7.296827530221817e-13,2.0961050987243652,1050.0,10,0.015,42.49843485760588,26.734100286424834,36.1599790772276,40.408164978027344,26.081632614135742,40.04081726074219,28.563410754739678,41.03817206036378,-304.48387096774195,43.182873156002834,26.37107021189077,-305.70341284805306,28.563411264407097,41.03817284527349,-304.48387257165666,0.11382284760475159,-0.2202637642621994,-0.265179306268692,0.9815681576728821,-0.0991898775100708,-1.9678449630737305
5.12,0.010835826396942139,-0.0014351308345794678,-0.042087435722351074,-0.0003775768564082682,-0.013567381538450718,0.06935213506221771,1050.0,10,0.015,43.61471841603768,28.155657096675057,34.673901671371,41.8775520324707,26.816326141357422,38.57143020629883,19.717792755666043,45.947890581011485,-305.8225806451613,36.16826569653131,33.84653549282716,-306.8452965486805,19.717793103769278,45.94789146783725,-305.82258223535047,0.08938493579626083,-0.12067224830389023,-0.83944171667099,1.231753945350647,-0.2702799439430237,-1.729261040687561
5.16,0.011084675788879395,0.004142254590988159,-0.04237908124923706,-0.007047888357192278,-0.013610764406621456,0.0008913304773159325,1050.0,10,0.015,44.41712260401602,29.88184660701201,33.20802471955318,42.97959518432617,27.918367385864258,37.10204315185547,10.064926004432994,48.97649706262472,-307.1612903225806,28.169486689818005,39.27446141953553,-308.02197085024636,10.06492618068429,48.976498012721905,-307.1612918993113,0.09716203808784485,0.033377066254615784,-0.8578230738639832,1.2485601902008057,-0.37913399934768677,-1.8413636684417725
5.2,0.005854964256286621,0.002211332321166992,-0.03590673208236694,-0.2530083656311035,-0.028454352170228958,0.028408125042915344,1050.0,10,0.015,44.90087678538442,31.844766997922733,31.84476699792274,44.081634521484375,29.755102157592773,35.26530456542969,3.6739403974420595e-14,50.0,-308.5,16.880621315402095,44.120324922048255,-309.627478375029,1.4651189813714214e-14,50.00000097138312,-308.50000156437267,-0.07851395010948181,-0.0347127728164196,-0.7400128245353699,0.6965888738632202,-0.42358699440956116,-1.7246990203857422
5.24,0.0014761090278625488,0.004415035247802734,-0.03405344486236572,-5.55443648408982e-06,-0.00490374444052577,2.4488706588745117,1050.0,10,0.015,45.0681347044826,33.965218133719134,30.664319678291154,44.81632614135742,31.591838836669922,33.795921325683594,-10.064926004432923,48.97649706262474,-309.83870967741933,6.758397202759377,46.6664711334884,-311.0123717753582,-10.0649261795906,48.97649801203212,-309.8387112309897,-0.054869644343853,0.022256994619965553,0.4388422966003418,0.2535209655761719,-0.2073948085308075,-1.8113877773284912
5.28,0.010805666446685791,0.0029544830322265625,-0.04183417558670044,0.03494581952691078,-0.030647538602352142,0.011589146219193935,1050.0,10,0.015,44.92711496974967,36.15799217585362,29.739291216779275,44.448978424072266,33.795921325683594,33.061222076416016,-19.717792755665812,45.94789058101158,-311.1774193548387,-2.2760826304477297,42.598925409788876,-313.1539231787454,-19.7177930996657,45.947891466042904,-311.1774208990427,0.10098142176866531,-0.02114802598953247,-0.873278021812439,1.4712612628936768,-0.6946112513542175,-1.775857925415039
5.32,0.008344769477844238,0.009169042110443115,-0.03874427080154419,-1.5873721336944618e-13,-0.1315755546092987,0.7474847435951233,1050.0,10,0.015,44.492251628328546,38.33804508437962,29.130196351614295,44.448978424072266,35.632652282714844,31.959182739257812,-28.563410754739614,41.03817206036381,-312.51612903225805,-11.428102219740815,41.18735786550019,-314.0156372311518,-28.563411256111944,41.03817284166724,-312.51613056783077,0.05336654931306839,0.014941034838557243,-0.6035118103027344,1.431652545928955,0.8398491144180298,-1.8740934133529663
5.36,0.0007560253143310547,0.008748769760131836,-0.04296368360519409,-5.210855618525967e-13,-0.03601834550499916,1.2845875024795532,1050.0,10,0.015,43.78523475702713,40.426546870127645,28.882168901958554,44.448978424072266,37.836734771728516,31.591838836669922,-36.239639361455964,34.44834595378436,-313.85483870967744,-19.63611542284021,37.66820527454153,-316.25146091448653,-36.23964000349305,34.448346597226816,-313.85484023628277,-0.06383392214775085,0.04297824949026108,-0.508081316947937,0.1607951819896698,1.1338391304016113,-2.23879075050354
5.4,-0.005173802375793457,0.00673145055770874,-0.040880680084228516,5.784966689709181e-13,-0.793240487575531,0.00012549087114166468,1050.0,10,0.015,42.83661463662022,42.35570557428721,29.022879089677136,44.081634521484375,40.04081726074219,31.224491119384766,-42.4322128747375,26.448200516348198,-315.19354838709677,-28.036018573464716,32.479542839024084,-317.9152617565592,-42.432213635427246,26.448200994992575,-315.19354990333443,-0.16335001587867737,-0.17243747413158417,-0.8391964435577393,0.004593919962644577,0.1600397527217865,-2.4508631229400635
5.44,-0.015318512916564941,0.008345246315002441,-0.0384250283241272,7.259223366418155e-06,-0.0061243437230587006,1.4320780618217593e-13,1050.0,10,0.015,41.68744555413606,44.07158149332292,29.561405104056142,43.71428680419922,41.8775520324707,31.224491119384766,-46.88760660735404,17.365262642240975,-316.5322580645161,-34.26160098238678,27.26028904883614,-319.5040401741761,-46.887607459537676,17.3652629378509,-316.5322595683427,-0.3414206802845001,0.04913473129272461,-0.8021636605262756,-0.1544421911239624,1.0690155029296875,-2.177032947540283
5.48,-0.01614159345626831,-0.00017511844635009766,-0.029026389122009277,0.000220395129872486,-1.5212538242340088,6.420603523675517e-13,1050.0,10,0.015,40.39030249884148,45.53470806981918,30.487806917152746,42.612247467041016,44.081634521484375,31.224491119384766,-49.42341621640557,7.571388875228838,-317.8709677419355,-41.95991605917858,18.199380755450452,-320.46342708439835,-49.423417128304976,7.57138897902542,-317.8709692313657,-0.37353456020355225,-0.44891923666000366,-0.64894038438797,-0.03340069204568863,-0.2851319909095764,-1.632926106452942
5.52,-0.006723225116729736,0.006126523017883301,-0.012857675552368164,0.6291655898094177,-0.5617307424545288,9.427283172852574e-13,1050.0,10,0.015,39.00900549613595,46.71892720929045,31.77332705966248,40.7755126953125,45.183677673339844,31.224491119384766,-49.93582535855264,-2.5324584419355842,-319.2096774193548,-45.979283477784506,8.56495122203433,-319.41610446735154,-49.9358262946884,-2.5324585293988098,-319.20967889318234,-0.0911228209733963,-0.15569984912872314,-0.37859779596328735,0.9756325483322144,0.587750256061554,-0.7810764312744141
5.56,-0.0051857829093933105,0.007560431957244873,0.003167092800140381,2.895216226577759,-5.2862815209664404e-05,-4.314958113038614e-11,1050.0,10,0.015,37.61661185262126,47.60919599511811,33.371382371220065,39.30612564086914,46.28571701049805,31.591838836669922,-48.40385594331024,-12.532626612935932,-320.54838709677415,-48.9044041118105,-0.14166821464435722,-319.0373025509198,-48.403856865723455,-12.5326268826854,-320.5483885550338,1.1237432956695557,0.03522462397813797,-0.09429587423801422,0.16898438334465027,1.3129013776779175,-0.04732438176870346
5.6,-0.010253489017486572,0.003864884376525879,0.0054135918617248535,2.882906436920166,-3.7897405036346754e-06,-0.9384365677833557,1050.0,10,0.015,36.291673076538615,48.19916988627712,35.21967587980105,38.20408248901367,47.38775634765625,33.061222076416016,-44.890226978537065,-22.019707577881746,-321.88709677419354,-48.51822177054789,-9.295930628503744,-320.72248096549947,-44.8902278482069,-22.019708013944406,-321.887098218184,1.0203582048416138,0.01700432598590851,-0.266114205121994,-0.12032488733530045,0.22529080510139465,-0.6334571242332458
5.64,-0.02055460214614868,0.001339554786682129,-0.0007959604263305664,0.0004933981108479202,-0.012769357301294804,-0.15713812410831451,1050.0,10,0.015,35.11325088798454,48.489204130275574,37.24372854702328,37.469390869140625,48.12245178222656,35.26530456542969,-39.53878684688494,-30.605299127383134,-323.2258064516129,-44.43410553421743,-17.57703996603167,-323.6580110756559,-39.538787625294866,-30.605299708365152,-323.2258078834588,-0.4543343484401703,-0.050325989723205566,-0.20379142463207245,-0.3402307629585266,-0.1816660761833191,-0.8080868721008301
5.68,-0.02188730239868164,-1.043081283569336e-05,-0.00393909215927124,0.006019906606525183,-4.936407949074351e-10,-0.1841728687286377,1050.0,10,0.015,34.15552165160773,48.48517214062632,39.36185110672743,36.367347717285156,48.48979949951172,37.469390869140625,-32.568624136111154,-37.937906134639505,-324.56451612903226,-38.79425238740506,-26.45874278852566,-325.54028654919006,-32.568624787001816,-37.93790683518612,-324.5645175509211,-0.46096113324165344,-0.0805446058511734,-0.2756141424179077,-0.6932072639465332,-0.28051894903182983,-0.7697348594665527
5.72,-0.019369781017303467,-8.028745651245117e-05,-0.005437970161437988,0.0070212166756391525,-4.786899551739851e-15,-4.715709686279297,1050.0,10,0.015,33.48281765406046,48.198265628828,41.49111135104435,35.26530456542969,48.48979949951172,39.6734733581543,-24.265098126554143,-43.717330807229054,-325.9032258064516,-31.53850690587127,-34.557314241707815,-326.8435896438311,-24.265098617917104,-43.71733159922939,-325.9032272197968,-0.4277244508266449,-0.07208817452192307,-2.0628960132598877,-0.2745130956172943,-0.19658112525939941,-0.4657292366027832
5.76,-0.0182877779006958,-0.005087614059448242,-0.00033342838287353516,0.006019948981702328,-3.4347785032862177e-13,-0.6795662045478821,1050.0,10,0.015,33.145681281521796,47.645739403279215,43.55340084822574,34.53061294555664,48.48979949951172,41.51020431518555,-14.968156148667871,-47.70696282000245,-327.241935483871,-25.297571522069312,-40.65120313856453,-327.90332882484716,-14.968156454936727,-47.70696367354886,-327.2419368886992,-0.41984957456588745,-0.17072616517543793,-0.3531073033809662,-0.31561562418937683,-0.11189562827348709,-0.8165246248245239
5.8,-0.024171292781829834,-0.008320868015289307,-0.0028080344200134277,-3.4164465419032897e-13,1.5712238801701695e-11,-3.481825113296509,1050.0,10,0.015,33.178119926105715,46.852375918681055,45.48051719110009,34.53061294555664,48.12245178222656,43.71428680419922,-5.0584160993716285,-49.74346616959476,-328.5806451612903,-16.18882639786671,-44.11275679650987,-330.17143929894263,-5.058416203581846,-49.7434670537854,-328.58064655610076,-0.5177205204963684,-0.23137971758842468,-1.6358857154846191,-1.0572963953018188,-0.25338730216026306,-0.6706287264823914
5.84,-0.023605763912200928,-0.015755116939544678,0.005180537700653076,3.8792462352197493e-14,0.0002321921638213098,-0.0025686149019747972,1050.0,10,0.015,33.59594683120191,45.85225331964905,47.217394597378,34.53061294555664,47.75510025024414,45.183677673339844,5.058416099371543,-49.74346616959476,-329.91935483870964,-9.517212383809815,-46.222566863826714,-331.3910602802277,5.058416203857572,-49.74346705326298,-329.91935622090284,-0.5100237131118774,-0.3583635985851288,-0.03497933968901634,-0.8334766626358032,-0.44660893082618713,-0.7126215100288391
5.88,-0.016313791275024414,-0.013975918292999268,0.003438115119934082,5.001929317786924e-13,0.0019299163250252604,-0.9283589124679565,1050.0,10,0.015,34.395991031903655,44.69022607906023,48.72315487137186,34.53061294555664,46.65306091308594,47.020408630371094,14.968156148667791,-47.706962820002474,-331.258064516129,1.3666118526139326,-47.643291216070615,-332.1405114373488,14.96815645729196,-47.706963672395155,-331.2580658828817,-0.3694611191749573,-0.33409813046455383,-0.30872178077697754,-0.6646690368652344,-0.18706610798835754,-0.4940546154975891
5.92,-0.0023494362831115723,-0.008612751960754395,0.004073679447174072,9.578852468161703e-13,0.6640716195106506,-0.05831163004040718,1050.0,10,0.015,35.55605469292359,43.42244187468055,49.970254318663216,34.53061294555664,45.183677673339844,48.48979949951172,24.26509812655407,-43.7173308072291,-332.5967741935484,12.294174123238141,-47.71427929100299,-331.84755209594044,24.265098623802757,-43.717331598587876,-332.596775542821,-0.14044618606567383,-0.04401424154639244,-0.07765660434961319,0.12817887961864471,0.6384096145629883,-0.5722144842147827
5.96,0.005075335502624512,-0.01150578260421753,0.006605386734008789,-0.04237173870205879,0.0005267328233458102,-4.716597686638124e-06,1050.0,10,0.015,37.035698130823874,42.11531818136849,50.94241368195404,35.26530456542969,44.081634521484375,49.59183883666992,32.56862413611109,-37.93790613463956,-333.93548387096774,20.470255079725078,-45.23367096448774,-332.64035047466837,32.56862479681134,-37.93790683664148,-333.9354852022648,-0.03127746656537056,-0.2950800061225891,-0.02566681057214737,0.2898157835006714,0.0669780895113945,-0.10126957297325134
6.0,-0.0011578798294067383,-0.008673369884490967,-0.002073824405670166,-0.04241102188825607,0.48465391993522644,-3.423769235610962,1050.0,10,0.015,38.77811114594491,40.84273270931099,51.63213309839797,37.10204315185547,42.612247467041016,51.06122589111328,39.53878684688488,-30.6052991273832,-335.2741935483871,31.306472383027547,-38.89116234249607,-334.72185158817126,39.53878763824305,-30.605299713475517,-335.27419486297686,-0.12945283949375153,-0.09673415124416351,-1.620618224143982,-0.39927244186401367,0.4299241900444031,-0.3344571590423584
6.04,-0.0028043389320373535,-0.018061578273773193,-0.0028592348098754883,-0.007151355035603046,1.715915641398169e-05,-0.001192540512420237,1050.0,10,0.015,40.713355259320856,39.68166436730692,52.03847241579056,38.93877410888672,41.8775520324707,51.795921325683594,44.89022697853703,-22.01970757788182,-336.61290322580646,36.650591754209294,-32.30460136647919,-337.0206589281996,44.890227862508674,-22.0197080236644,-336.6129045263069,-0.13241936266422272,-0.39015987515449524,-0.19696365296840668,-0.21875017881393433,-0.6032792329788208,-0.13355056941509247
6.08,0.005327403545379639,-0.01267915964126587,0.004233837127685547,-0.0011321649653837085,0.13137787580490112,4.857240369464388e-13,1050.0,10,0.015,42.763054931096,38.70695794117423,52.16554976138771,40.408164978027344,40.408164978027344,51.795921325683594,48.40385594331022,-12.532626612936015,-337.9516129032258,41.55168013668165,-23.98987371219438,-337.18837549527865,48.40385687897814,-12.532626896819314,-337.95161419268186,-0.008697256445884705,-0.24985817074775696,-0.05159510299563408,0.5819530487060547,-0.2643038034439087,-0.19657811522483826
6.12,0.009044349193572998,-0.016868114471435547,0.0064504146575927734,-0.5673021674156189,6.5798467403510585e-06,1.285785171910303e-13,1050.0,10,0.015,44.84620137257076,37.98607313307515,52.02198255679299,42.24489974975586,39.6734733581543,51.795921325683594,49.93582535855264,-2.53245844193567,-339.2903225806451,43.85969141050723,-15.50226753978673,-338.68051302819663,49.935826304362166,-2.5324585462699805,-339.29032386139943,-0.09650426357984543,-0.3733111321926117,-0.02523215115070343,0.3907637894153595,-0.7980151772499084,-0.08302216231822968
6.16,0.013344168663024902,-0.01662731170654297,0.003945827484130859,-0.004903848748654127,1.4966206550598145,-1.4603184113337608e-13,1050.0,10,0.015,46.88527042613676,37.574549160068045,51.621303701382125,44.081634521484375,38.93877410888672,51.795921325683594,49.42341621640558,7.571388875228753,-340.6290322580645,46.087732568997076,-6.838845412491091,-339.88336472943865,49.423417132242925,7.571388962524761,-340.62903353081157,0.13238127529621124,-0.02220350131392479,-0.07568947225809097,0.8528675436973572,0.15327750146389008,0.002015411853790283
6.2,0.010464727878570557,-0.017399728298187256,-0.0030477046966552734,-0.08074279129505157,0.19965985417366028,-6.626120008582093e-13,1050.0,10,0.015,48.811590294537304,37.51257911052519,50.98321721977464,46.28571701049805,38.57143020629883,51.795921325683594,46.887606607354066,17.365262642240893,-341.9677419354839,46.99788569005265,2.8484116786467077,-341.8135925658377,46.887607456462455,17.365262925774793,-341.96774319886697,0.04780649021267891,-0.3957977592945099,-0.2010977864265442,0.8706246614456177,-0.023548781871795654,0.038998935371637344
6.24,0.012027919292449951,-0.01848006248474121,-0.014184653759002686,-0.29476985335350037,-3.1382801512249954e-15,-6.940364082053119e-13,1050.0,10,0.015,50.56900932762391,37.82274289595741,50.13538286953044,48.12245178222656,38.57143020629883,51.795921325683594,42.432212874737544,26.448200516348123,-343.3064516129032,46.71396322099698,10.564034781379464,-343.67502453616896,42.432213625372675,26.448200991521468,-343.3064528638503,0.015726491808891296,-0.4031507968902588,-0.39028874039649963,0.7362197041511536,-1.0376251935958862,-0.6921952962875366
6.28,0.010643303394317627,-0.013067781925201416,-0.028981566429138184,-2.3067328929901123,5.133209395741245e-13,-1.4033944362515371e-12,1050.0,10,0.015,52.11539051549147,38.50875402411578,49.115233355299694,49.95918273925781,38.57143020629883,51.795921325683594,36.23963936145603,34.4483459537843,-344.64516129032256,46.382665741989776,18.466945884444723,-345.2934485696463,36.23963998806592,34.44834660574332,-344.6451625250505,-0.466742604970932,-0.31725215911865234,-0.6486876606941223,1.1979542970657349,-1.0016424655914307,-1.639450192451477
6.32,0.011987388134002686,-0.0010930895805358887,-0.03396451473236084,-0.9338071942329407,7.462428027946166e-13,0.08147530257701874,1050.0,10,0.015,53.42207379697339,39.55508283421945,47.971178704757435,51.42857360839844,38.57143020629883,51.06122589111328,28.56341075473969,41.03817206036376,-345.98387096774195,43.33396347118017,26.69014525672766,-345.90196939314626,28.563411238438306,41.0381728639837,-345.98387218308335,-0.15103428065776825,-0.11111325025558472,-0.7005172967910767,0.49887362122535706,-0.21776817739009857,-1.7287020683288574
6.36,0.015559375286102295,0.0043454766273498535,-0.04110831022262573,-0.06857826560735703,-0.007047779858112335,0.00045087095350027084,1050.0,10,0.015,54.471923508974236,40.927471297987296,46.76253585928209,52.53061294555664,39.30612564086914,50.32653045654297,19.717792755666053,45.94789058101148,-347.3225806451613,38.05665558030237,32.01360784086125,-347.32267721057167,19.717793083910134,45.947891501951155,-347.32258183972357,0.16031195223331451,0.012083501555025578,-0.8584001064300537,1.195583701133728,-0.29045817255973816,-1.9410414695739746
6.4,0.014647603034973145,-0.003758668899536133,-0.03655838966369629,-0.001186094363220036,-4.016912460327148,0.022305183112621307,1050.0,10,0.015,55.25676388570875,42.57453388359117,45.55772680158112,53.632652282714844,41.14285659790039,48.85714340209961,10.064926004433007,48.97649706262472,-348.6612903225806,26.577322008091123,36.96308595202899,-349.6740285526624,10.06492617005744,48.976498059205156,-348.6612914972962,0.16613563895225525,-1.76291823387146,-0.7847715616226196,1.308677315711975,-0.6078318357467651,-1.3856066465377808
6.44,0.00911247730255127,-0.0006587505340576172,-0.03835189342498779,-1.778011441230774,-2.906698226928711,0.01611999236047268,1050.0,10,0.015,55.77492628799408,44.430711048655304,44.43071104865531,54.73469543457031,42.612247467041016,47.75510025024414,4.898587196589413e-14,50.0,-350.0,17.656443959666667,41.66556370177733,-351.3037373715851,-4.947913506307222e-15,50.00000102555436,-350.0000011578493,-0.41104409098625183,-1.4105615615844727,-0.8231374025344849,0.6067306995391846,0.1730424463748932,-1.5308284759521484
