Time,e1,e2,e3,edot1,edot2,edot3,eta1,eta2,eta3,SetAngle1,SetAngle2,SetAngle3,ActualAngle1,ActualAngle2,ActualAngle3,X0,Y0,Z0,Actual_X,Actual_Y,Actual_Z,X_Set,Y_Set,Z_Set,refCurr1,refCurr2,refCurr3,ActualCurr1,ActualCurr2,ActualCurr3
0.0,-9.94837682810612e-05,-0.0065108975395560265,-9.94837682810612e-05,0.7502169609069824,-0.44209590554237366,-4.203895392974451e-45,698.9356697861414,691.5314870787654,665.6418275963144,-0.005686595269523741,-0.005686595269523741,-0.005686595269523741,0.0,0.36734694242477417,0.0,0.0,0.0,-184.0,-0.7057641421550818,-0.4074731174576288,-184.3899101585922,0.0,-1.433179351732963e-14,-184.0000024755281,1.7110975980758667,-0.9376948475837708,-0.1997288465499878,-1.1037390232086182,-0.68171226978302,0.10776381194591522
0.04,-0.0065108975395560265,-9.94837682810612e-05,-9.94837682810612e-05,-0.1620878279209137,0.19080330431461334,-4.203895392974451e-45,674.589533331121,676.4375353258597,665.6418275963144,0.4142868312709749,-0.21306591342523187,-0.21306591342523187,0.36734694242477417,0.0,0.0,0.0,1.3888888888888888,-184.0,0.0,0.8149462349152361,-184.3899101585922,0.0,1.388888929631816,-184.00000247525816,-0.81786048412323,0.5275102257728577,-0.1626598984003067,-2.1208503246307373,2.395941972732544,0.08571548759937286
0.08,0.0008194851689040661,-0.01013070996850729,-0.0037192965392023325,-0.23088808357715607,-0.23952458798885345,-0.12067272514104843,679.0737277882218,679.6448844179588,672.0306122719411,0.8377436556922286,-0.4169842784555035,-0.4169842784555035,0.36734694242477417,0.36734694242477417,0.0,0.0,2.7777777777777777,-184.0,-0.7071949637249542,0.4082992026761427,-184.76500196618687,0.0,2.7777778591786118,-184.00000247444999,-0.8861002326011658,-0.7098022699356079,-0.6070443987846375,0.9098011255264282,-1.6503785848617554,-0.22527764737606049
0.12,-0.00461361650377512,-0.0008666091598570347,-0.007278022821992636,-0.7894077897071838,0.28956905007362366,-0.009507100097835064,699.2210919381822,682.9244442423515,666.0791529241222,1.264637646746067,-0.6174374392463308,-0.6174374392463308,1.1020407676696777,-0.36734694242477417,0.0,0.0,4.166666666666666,-184.0,0.7072726760807915,2.8575700520487497,-184.74305217885794,0.0,4.166666788627427,-184.00000247310643,-1.0206360816955566,0.5850790739059448,-0.6470702290534973,-1.773996114730835,1.9020148515701294,-1.1685911417007446
0.16,-0.0035742204636335373,-0.010775662958621979,-0.010775662958621979,-0.8643103837966919,-0.2724875509738922,-0.009604144841432571,699.5815570642518,681.8150850053229,666.0836773614781,1.6949213999856334,-0.8144214223418295,-0.8144214223418295,1.4693877696990967,0.0,0.0,0.0,5.555555555555555,-184.0,0.0,3.2786099842531713,-185.48981376096114,0.0,5.555555717965612,-184.0000024712306,-2.202347993850708,-0.7212015986442566,-0.5512672662734985,1.7337020635604858,0.026403605937957764,-1.5576622486114502
0.2,0.003935931250452995,-0.007802547886967659,-0.01421396154910326,0.8325726985931396,0.08012416213750839,-0.017328491434454918,699.4534302580761,669.6885723282334,673.8692470000829,2.128546368772262,-1.0079325314075522,-1.0079325314075522,1.4693877696990967,-0.36734694242477417,0.0,0.0,6.944444444444445,-184.0,0.7086600609008362,3.6810286853473597,-185.10416922290392,0.0,6.944444647180646,-184.00000246882576,1.7589737176895142,-0.7185296416282654,-0.695318877696991,-1.051207184791565,-1.7898070812225342,-0.8192723989486694
0.24,0.005092263221740723,-0.004768345504999161,-0.017591172829270363,0.02618774212896824,0.8773868083953857,-0.014654808677732944,666.874669195911,699.6257663174491,686.7807482945436,2.5654628969160207,-1.1979673464295078,-1.1979673464295078,1.8367347717285156,-0.7346938848495483,0.0,0.0,8.333333333333332,-184.0,1.4173006804240542,4.907438855641329,-185.07119216309982,0.0,8.333333576260197,-184.00000246589542,0.38777729868888855,1.73178231716156,-0.7386965155601501,2.3021416664123535,-2.7131500244140625,-1.7885428667068481
0.28,-0.00010347366333007812,-0.00808621570467949,-0.02090904302895069,-0.2155279666185379,0.018556220456957817,-0.017466668039560318,678.0591082847261,666.5062588365477,694.6670301317369,3.0056202528953464,-1.3845227226503565,-1.3845227226503565,2.5714285373687744,-0.7346938848495483,0.0,0.0,9.722222222222221,-184.0,1.4227162701501777,6.567983319759769,-185.77323839919526,0.0,9.722222505192178,-184.00000246244346,-0.7570399641990662,-0.6573435068130493,-0.6127420663833618,-2.2942018508911133,-2.8743536472320557,-2.062405586242676
0.32,0.0011663064360618591,-0.004929844290018082,-0.02416408434510231,-0.7453762292861938,0.10074124485254288,-0.01712757535278797,698.8945351081279,670.8568910524573,698.0585843485353,3.448966665596679,-1.5675957892444874,-1.5675957892444874,2.9387755393981934,-1.1020407676696777,0.0,0.0,11.11111111111111,-184.0,2.1338827939113245,7.798096889829617,-185.71810208039557,0.0,11.111111433964691,-184.0000024584738,-1.026628851890564,-0.6302918195724487,-0.6502032279968262,1.418884038925171,-1.0208570957183838,-0.7291163206100464
0.36,0.0024936795234680176,-0.008125541731715202,-0.02735978178679943,-0.08516909927129745,-0.04026319831609726,-0.011793683283030987,669.9699520761201,667.5737782227295,699.313202810183,3.895449361510757,-1.7471839477341022,-1.7471839477341022,3.3061225414276123,-1.1020407676696777,0.0,0.0,12.5,-184.0,2.1378428804445515,8.635053937452739,-186.05890802521293,0.0,12.500000362566114,-184.0000024539906,0.4669483006000519,-0.7079299688339233,-0.6944801211357117,-0.5710848569869995,-2.620037078857422,-1.422660231590271
0.4,-0.0025379955768585205,-0.004848737269639969,-0.024082977324724197,-0.1114066019654274,0.3364345133304596,-0.001813441514968872,671.4797834248852,685.8631218872578,698.0075322337232,4.3450146033180586,-1.9232848701482805,-1.9232848701482805,4.040816307067871,-1.4693877696990967,-0.36734694242477417,0.0,13.88888888888889,-184.0,2.1373060589855,11.097538887407017,-185.92718596176667,0.0,13.888889290984979,-184.00000244899834,-0.7329586744308472,-0.9364151954650879,-0.6484107971191406,-1.60844886302948,0.8052642345428467,-0.6700389981269836
0.44,0.005309000611305237,-0.0015108473598957062,-0.02715650200843811,0.11965806782245636,0.6505286693572998,-0.07791722565889359,671.9698718072109,697.7456603398641,699.2658300751339,4.7976077297920146,-2.0958964969277063,-2.0958964969277063,4.040816307067871,-1.8367347717285156,-0.36734694242477417,0.0,15.277777777777777,-184.0,2.8441231346584748,11.484441198690675,-185.51519550566755,0.0,15.277778219210072,-184.00000244350161,0.38374051451683044,0.7581528425216675,-0.7618763446807861,1.552856206893921,-2.202619791030884,-1.2101582288742065
0.48,0.0003855302929878235,-0.010934703052043915,-0.030168943107128143,-0.16760529577732086,-0.2545699179172516,-0.013082237914204597,674.9407283773401,680.6385135823718,699.7287540053597,5.253173196945098,-2.2650170345774976,-2.2650170345774976,4.775510311126709,-1.4693877696990967,-0.36734694242477417,0.0,16.666666666666664,-184.0,2.144923759740865,12.788539526603323,-186.5769537859025,0.0,16.66666714723052,-184.00000243750526,-0.7726989984512329,-0.784283459186554,-0.66825270652771,-1.3165112733840942,-1.9076604843139648,-1.0579121112823486
0.52,0.0019258484244346619,-0.001063227653503418,-0.0331202931702137,-0.823381245136261,0.26082244515419006,-0.012563752010464668,699.4100851801423,681.050207436393,699.7486828031796,5.711654620339391,-2.4306449530710497,-2.4306449530710497,5.142857074737549,-2.2040815353393555,-0.36734694242477417,0.0,18.055555555555554,-184.0,3.5669516040197946,14.403769900115977,-186.0554205789094,0.0,18.055556075035568,-184.00000243101414,-1.9449100494384766,0.5908281207084656,-0.6915668249130249,1.587375521659851,1.8720248937606812,-1.2713189125061035
0.56,-0.0028946474194526672,-0.0039534904062747955,-0.02959914319217205,-0.43798625469207764,0.01294631976634264,0.155007004737854,691.3421352331733,666.2402331460601,699.2567972619007,6.172994818480228,-2.5927789830078436,-2.5927789830078436,5.877551078796387,-2.2040815353393555,-0.7346938848495483,0.0,19.444444444444443,-184.0,2.8578869521050145,16.486733975327798,-186.27512674191948,0.0,19.4444450026149,-184.00000242403354,-0.9018217325210571,-0.6795699000358582,-0.6142005324363708,-0.6732305288314819,-2.0519001483917236,-1.2710070610046387
0.6,0.005156554281711578,-0.006784413009881973,-0.03243006765842438,0.6539422273635864,-0.3714049458503723,-0.013517796993255615,697.8004228342996,687.9104160017055,699.7498807633649,6.637135857208807,-2.7514181125285178,-2.7514181125285178,5.877551078796387,-2.2040815353393555,-0.7346938848495483,0.0,20.833333333333332,-184.0,2.8578869521050145,16.486733975327798,-186.27512674191948,0.0,20.833333929958233,-184.00000241656872,1.6041691303253174,-0.8905752301216125,-0.7660645246505737,-1.2329620122909546,-0.41822922229766846,-1.233555555343628
0.64,0.006845220923423767,-0.003141093999147415,-0.02878674864768982,0.025884799659252167,0.3107329308986664,-0.008362515829503536,666.8599017310827,684.2741194077947,699.5710310353791,7.104019095007103,-2.9065615839906056,-2.9065615839906056,6.244897842407227,-2.5714285373687744,-1.1020407676696777,0.0,22.22222222222222,-184.0,2.8515688430433714,18.09084103771868,-185.74566713384365,0.0,22.222222857055737,-184.0000024086252,0.43681249022483826,0.5514610409736633,-0.7882182598114014,1.6384012699127197,1.2863802909851074,-1.3274329900741577
0.68,-0.004240088164806366,-0.005849845707416534,-0.03149550035595894,-0.4940473139286041,-0.2579832673072815,-0.013508771546185017,693.6881406889538,680.8633861111194,699.7496404816894,7.573585229126211,-3.0582088904082383,-3.0582088904082383,7.3469390869140625,-2.5714285373687744,-1.1020407676696777,0.0,23.61111111111111,-184.0,2.865607676024679,20.667513673497922,-186.62115463690418,0.0,23.61111178389777,-184.0000024002087,-0.9092413187026978,-0.7906731367111206,-0.6888655424118042,0.23603832721710205,-1.4228440523147583,-1.2799665927886963
0.72,-0.0024554282426834106,-0.008495762944221497,-0.0341414175927639,-0.2325872778892517,-0.025970064103603363,-0.013216681778430939,679.1860982645021,666.8640569493233,699.7500857581092,8.04577434244763,-3.206359771659947,-3.206359771659947,7.714285373687744,-2.5714285373687744,-1.1020407676696777,0.0,25.0,-184.0,2.870186744336567,21.532173076717037,-186.9063254010621,0.0,25.0000007104751,-184.0000023913248,-0.8174616694450378,-0.6949996948242188,-0.6886792182922363,-1.5276271104812622,-2.3668363094329834,-1.5893523693084717
0.76,-0.0006254017353057861,-0.004670925438404083,-0.03672799468040466,-0.7090983390808105,0.03592739254236221,-0.011016863398253918,698.538017835484,667.3557237776448,699.7488125293936,8.52052595098531,-3.351014210467858,-3.351014210467858,8.081632614135742,-2.9387755393981934,-1.1020407676696777,0.0,26.38888888888889,-184.0,3.586247181193677,22.764361441384708,-186.74709364380232,0.0,26.388889636778583,-184.00000238197964,-1.0322239398956299,-0.6609367728233337,-0.6897748112678528,2.04001522064209,-2.4117276668548584,-1.8139582872390747
0.8,0.007659688591957092,-0.0007832609117031097,-0.039251744747161865,0.2880092263221741,0.48401719331741333,-0.08863577246665955,682.8237863907001,693.3060093735909,699.8486652290998,8.997779051935222,-3.4921724281528865,-3.4921724281528865,8.081632614135742,-3.3061225414276123,-1.1020407676696777,0.0,27.77777777777778,-184.0,4.294915643923374,23.127042987150624,-186.30330531672794,0.0,27.777778562799575,-184.00000237217915,0.4489854872226715,0.6402520537376404,-0.804578423500061,0.9596022367477417,-0.9839644432067871,-1.7072302103042603
0.84,0.0031673163175582886,-0.003247663378715515,-0.04171614721417427,-0.5710570216178894,0.5285978317260742,-0.014822065830230713,696.1004960247321,694.881662758281,699.7698317416573,9.477472172178379,-3.6298348801693767,-3.6298348801693767,8.816326141357422,-3.3061225414276123,-1.1020407676696777,0.0,29.166666666666664,-184.0,4.3081815249498385,24.865283953981884,-186.84735867047863,0.0,29.166667488529466,-184.0000023619296,-0.990554690361023,0.6807860732078552,-0.7577363848686218,0.44445204734802246,-0.45143699645996094,-1.7227873802185059
0.88,0.005128234624862671,-0.005649235099554062,-0.04411771893501282,0.007022062782198191,0.45562782883644104,-0.012047926895320415,665.963714236146,692.1356255836612,699.7881887582478,9.959543417142768,-3.7640022514240288,-3.7640022514240288,9.183673858642578,-3.3061225414276123,-1.1020407676696777,0.0,30.555555555555554,-184.0,4.314698498823319,25.738642650298257,-187.11425541256227,0.0,30.55555641396026,-184.00000235123719,0.44535765051841736,-0.10535973310470581,-0.7790482044219971,1.9944896697998047,0.4549466371536255,-1.8430955410003662
0.92,0.0007178932428359985,-0.007991466671228409,-0.046459950506687164,-0.3435054123401642,0.0035418097395449877,-0.009988845326006413,686.2886639418666,665.8033856810949,699.8328066795588,10.443930519929495,-3.894675451382898,-3.894675451382898,9.918368339538574,-3.3061225414276123,-1.1020407676696777,0.0,31.944444444444443,-184.0,4.327497454862747,27.493794078095544,-187.6376567003516,0.0,31.94444533908398,-184.00000234010827,-0.8436551690101624,-0.7056780457496643,-0.7119861841201782,-0.5444610714912415,-2.4589786529541016,-1.4977691173553467
0.96,0.002760857343673706,-0.010272618383169174,-0.042329687625169754,-0.2803895175457001,-0.021522914990782738,0.0345161110162735,682.3301118857025,666.6485838534836,699.6818734240981,10.930570890608767,-4.021855608971154,-4.021855608971154,10.285714149475098,-3.3061225414276123,-1.4693877696990967,0.0,33.33333333333333,-184.0,3.604600928119577,28.730872255406073,-187.4697888755232,0.0,33.33333426389309,-184.00000232854944,-0.8397809863090515,-0.7066596150398254,-0.7089869379997253,-0.9628174901008606,-1.9882030487060547,-1.294168472290039
1.0,-0.001567453145980835,-0.0060812607407569885,-0.044549744576215744,-0.6078891158103943,0.29552674293518066,-0.0108778802677989,696.956869406906,683.3075261869999,699.7924981987358,11.419401665591604,-4.145544067270049,-4.145544067270049,11.020408630371094,-3.6734695434570312,-1.4693877696990967,0.0,34.72222222222222,-184.0,4.329125940896756,30.84783622301886,-187.5061422300529,0.0,34.72222318838043,-184.0000023165671,-0.9731235504150391,-0.6204531788825989,-0.7228907942771912,0.7793042659759521,-0.23530878126621246,-1.7031219005584717
1.04,0.0005523115396499634,-0.00823848694562912,-0.046706970781087875,-0.956855058670044,-0.26751816272735596,-0.009125377051532269,699.8138110949952,681.4898327984478,699.838622123998,11.91035975698433,-4.265742378015444,-4.265742378015444,11.387755393981934,-3.6734695434570312,-1.4693877696990967,0.0,36.11111111111111,-184.0,4.335129293767429,31.735107715038794,-187.7475601003197,0.0,36.11111211253885,-184.00000230416813,-2.0137503147125244,-0.8034088611602783,-0.6860288381576538,1.6758564710617065,-1.3421698808670044,-1.6942310333251953
1.08,0.0027104616165161133,-0.003924958407878876,-0.04880485311150551,-0.6843628287315369,0.19458219408988953,-0.01041288673877716,698.2396372910559,676.683960340425,699.9390786346677,12.403381901833914,-4.3824522959027945,-4.3824522959027945,11.755102157592773,-4.040816307067871,-1.4693877696990967,0.0,37.5,-184.0,5.054381595306767,32.967681287342884,-187.5166134435942,0.0,37.500001036361795,-184.00000229135898,-1.0163019895553589,-0.6908497214317322,-0.7328013777732849,0.690861701965332,0.9015135169029236,-1.623387336730957
1.12,0.004903525114059448,-0.005963504314422607,-0.044431984424591064,-0.034113530069589615,-0.5288861393928528,0.367453396320343,667.2652136482477,694.8908385762534,697.4692849361828,12.898404711173644,-4.495675772702802,-4.495675772702802,12.12244987487793,-4.040816307067871,-1.8367347717285156,0.0,38.888888888888886,-184.0,4.329944863805824,34.20217630259639,-187.31750519796682,0.0,38.88888995984296,-184.0000022781467,0.4596315324306488,-0.9970988035202026,-0.6617111563682556,1.4822783470153809,1.711379051208496,-1.3340660333633423
1.16,0.0007200688123703003,-0.0015278011560440063,-0.04640769213438034,-0.5918737053871155,0.4140983819961548,-0.056932661682367325,696.605937173984,690.1881777696552,699.9214582388563,13.395364718780574,-4.605414951192703,-4.605414951192703,12.85714340209961,-4.408163070678711,-1.8367347717285156,0.0,40.27777777777778,-184.0,5.054703132972769,36.32402353834422,-187.29188324601293,0.0,40.27777888297614,-184.00000226453784,-1.077746868133545,0.647559404373169,-0.8069242238998413,1.5470430850982666,-0.4748973846435547,-1.5444281101226807
1.2,0.0029829442501068115,-0.003442436456680298,-0.04832232743501663,-0.471304327249527,0.017431380227208138,-0.009696941822767258,692.7981783350687,666.4525923535313,699.9084485935922,13.894198429557996,-4.711672158907749,-4.711672158907749,13.22449016571045,-4.408163070678711,-1.8367347717285156,0.0,41.666666666666664,-184.0,5.061170575319738,37.220261049192096,-187.50874664614184,0.0,41.66666780575572,-184.0000022505394,-0.9248523116111755,-0.7281386852264404,-0.7498698830604553,-0.3979146182537079,-2.1230340003967285,-1.3948016166687012
1.24,0.0052772462368011475,-0.005297720432281494,-0.05017761141061783,-0.004642721265554428,-0.48736029863357544,-0.007595855742692947,665.8539333157222,693.4351862396512,700.0246588142104,14.394842367458807,-4.814449901717382,-4.814449901717382,13.591836929321289,-4.408163070678711,-1.8367347717285156,0.0,43.05555555555556,-184.0,5.067541159600364,38.11914626863163,-187.72192392741985,0.0,43.05555672817623,-184.00000223615822,0.4671798646450043,-0.9739134311676025,-0.8091862797737122,1.8501321077346802,1.5287014245986938,-1.6130640506744385
1.28,0.0011915266513824463,-0.0006787553429603577,-0.051970064640045166,-0.28777289390563965,0.5911390781402588,-0.0075695510022342205,682.8085230213213,696.5890672173083,700.0245733284485,14.89723312286779,-4.9137508572308715,-4.9137508572308715,14.326530456542969,-4.775510311126709,-1.8367347717285156,0.0,44.44444444444444,-184.0,5.793995776510369,40.25027466330236,-187.6513814619651,0.0,44.444445650232446,-184.00000222140136,-0.8397688269615173,0.6987840533256531,-0.8287584781646729,-1.1776272058486938,-1.5600751638412476,-1.532124400138855
1.32,0.0035486221313476562,-0.008825026452541351,-0.053704917430877686,-0.15402154624462128,-0.11526597291231155,-0.008647089824080467,674.0799967164156,671.7081410847236,700.0280759555739,15.40130739936408,-5.009577868037077,-5.009577868037077,14.693878173828125,-4.408163070678711,-1.8367347717285156,0.0,45.83333333333333,-184.0,5.086064639997979,40.831596058147944,-188.33907576328846,0.0,45.83333457191957,-184.00000220627564,0.445929616689682,-0.800556480884552,-0.8166664242744446,-1.1305549144744873,-2.560396671295166,-1.7099007368087769
1.36,0.0059354305267333984,-0.010497055947780609,-0.048965536057949066,-0.16945981979370117,-0.40995150804519653,0.03236032649874687,675.059228684881,689.9787514848256,699.8285692001956,15.907002059787752,-5.101933934782608,-5.101933934782608,15.061224937438965,-4.408163070678711,-2.2040815353393555,0.0,47.22222222222222,-184.0,4.356357323507463,42.068869969813235,-188.09071714337992,0.0,47.22222349323305,-184.0000021907881,0.38387978076934814,-0.9127299785614014,-0.7972856760025024,1.6434811353683472,-0.10965496301651001,-2.20792293548584
1.4,0.0019387304782867432,-0.005696572363376617,-0.04416505619883537,-0.292537659406662,0.11039359122514725,0.13203631341457367,683.1156069175508,671.4201003002171,699.3847663114392,16.414254171537817,-5.190822209093098,-5.190822209093098,15.795919418334961,-4.775510311126709,-2.5714285373687744,0.0,48.61111111111111,-184.0,4.349351786471805,44.53065416520616,-187.53166068512078,0.0,48.61111241416859,-184.00000217494568,-0.8244971632957458,-0.7045261859893799,-0.7146396040916443,-1.4709386825561523,-2.1194920539855957,-1.8845109939575195
1.44,0.004381388425827026,-0.007248178124427795,-0.04571666195988655,-0.036597128957509995,-0.1677594780921936,-0.008586546406149864,667.3892492945109,674.9505717910714,699.8105722724999,16.923001051032262,-5.2762459863421025,-5.2762459863421025,16.163265228271484,-4.775510311126709,-2.5714285373687744,0.0,50.0,-184.0,4.354178039023051,45.4429434559971,-187.71246702724602,0.0,50.00000133472221,-184.0000021587553,0.4433676302433014,-0.7992035746574402,-0.8224972486495972,1.8010255098342896,-2.570946216583252,-2.166541814804077
1.48,0.00684848427772522,-0.008738681674003601,-0.04720716550946236,-0.11395265907049179,-0.04731536656618118,-0.010270197875797749,671.6302600826958,667.9335447266427,699.8585576262699,16.923001051032262,-5.2762459863421025,-5.2762459863421025,16.530611038208008,-4.775510311126709,-2.5714285373687744,-0.0,50.0,-184.0,4.358917488371668,46.35775814539147,-187.8894136675657,0.0,50.00000133472221,-184.0000021587553,0.4007781147956848,-0.7516841292381287,-0.8232091069221497,1.6425238847732544,-2.9309017658233643,-2.224668025970459
1.52,0.00043705105781555176,-0.008738681674003601,-0.04720716550946236,-0.6955408453941345,-0.0264113899320364,-3.477295831544325e-05,698.3805438738228,666.8855789314453,699.8357082022894,16.94641070099624,-2.0717196219911873,-7.210784685467542,16.897960662841797,-4.775510311126709,-2.5714285373687744,-10.064926004433003,48.97649706262472,-185.33870967741936,4.363569565335162,47.27509687153888,-188.06247587269002,-10.064926295432254,48.97649836439596,-185.33871183506614,-1.8672559261322021,-0.7247170209884644,-0.7339475750923157,2.0355677604675293,-2.779597282409668,-1.8988441228866577
1.56,0.0008454322814941406,0.03436756134033203,-0.07456088811159134,-0.23196744918823242,-0.8486757278442383,0.3796491026878357,679.1451069599262,690.8176656657421,697.4197657937735,16.415310670689067,1.3076015945280586,-8.701293869212176,16.897960662841797,-4.040816307067871,-2.9387755393981934,-19.71779275566593,45.94789058101153,-186.67741935483872,2.186310636435277,46.968314747357354,-188.5803503071979,-19.7177933185832,45.94789180030093,-186.67742150654593,-0.8126970529556274,-0.031554486602544785,-0.6593601107597351,-1.4303228855133057,1.796958327293396,-1.8154979944229126
1.6,-0.0020125508308410645,0.04846758022904396,-0.09416361153125763,0.25239744782447815,-1.0204815864562988,-0.01679748110473156,680.4952545947641,685.0762762360498,695.802069131017,15.36472082258052,4.721795795456593,-9.688495250932984,16.530611038208008,-1.4693877696990967,-3.3061225414276123,-28.563410754739614,41.03817206036381,-188.01612903225805,-3.682755832876658,44.116484810797886,-191.23193658361248,-28.56341155823119,41.038173151186605,-188.01613117619993,0.5678331255912781,-0.006874904502183199,-0.8897807598114014,1.4809257984161377,1.102033019065857,-2.082005023956299
1.64,-0.013937592506408691,0.056765299290418625,-0.1113935112953186,0.3261510133743286,-0.6590670347213745,-0.0652400404214859,685.2348736588042,694.6410936224128,700.2202088922993,13.846087757337703,8.028891677462951,-10.134767845918113,16.163265228271484,1.4693877696990967,-3.3061225414276123,-36.239639361456,34.44834595378433,-189.3548387096774,-9.711529659956256,40.46615924041252,-194.61927277151796,-36.239640364877786,34.44834687507063,-189.35484084740733,-0.5787930488586426,0.13771416246891022,-0.8601787090301514,-1.6537811756134033,1.1930131912231445,-2.2164013385772705
1.68,-0.02120792865753174,0.05678236484527588,-0.11918289959430695,0.4782048165798187,-0.9234892129898071,-0.0330427922308445,696.6833066771561,688.6226653357829,700.1083061238535,11.929991363927133,11.097850958755014,-10.020881574987662,15.061224937438965,4.775510311126709,-3.3061225414276123,-42.432212874737544,26.44820051634812,-190.69354838709677,-16.65456104741184,34.38503841020933,-197.71335968051872,-42.432214031040004,26.44820123290964,-190.69355052271663,-0.5259224772453308,0.058886826038360596,-0.8795075416564941,-1.431210994720459,1.0776004791259766,-1.882519006729126
1.72,-0.03541593253612518,0.052643805742263794,-0.11719498038291931,0.4483678936958313,-0.953617513179779,0.008191335014998913,696.9212847521275,687.6082366679432,699.9734057216141,9.707644493738394,13.818836824454419,-9.34366719483627,13.959183692932129,8.081632614135742,-3.3061225414276123,-46.88760660735402,17.365262642241014,-192.03225806451613,-23.764781800342078,28.074079877330618,-200.3936067917218,-46.88760786545802,17.365263125677554,-192.0322602030171,-0.544483482837677,0.05850013345479965,-0.8847321271896362,-1.3123327493667603,0.9559066295623779,-1.7650094032287598
1.76,-0.0549699068069458,0.04242973029613495,-0.10537561774253845,0.08005478233098984,-1.38819420337677,0.06913505494594574,699.7243645176171,666.4442090273714,699.7655124509238,7.289502771087802,16.10852817647714,-8.115462722650118,12.85714340209961,11.387755393981934,-3.3061225414276123,-49.42341621640557,7.571388875228835,-193.3709677419355,-31.029700201401315,21.550303495477564,-202.63670378319875,-49.423417523084495,7.571389105093812,-193.37096988732705,-0.6434812545776367,-0.1632087677717209,-0.8786152601242065,-1.3885730504989624,1.174774169921875,-2.0283303260803223
1.8,-0.0779394656419754,0.037512630224227905,-0.08393947780132294,0.21070002019405365,-0.5539091229438782,0.10381434857845306,697.7402174478417,695.9682886249789,692.8246154908157,4.800028895070863,17.9103755636512,-6.365434072045864,11.755102157592773,13.959183692932129,-3.3061225414276123,-49.93582535855264,-2.532458441935632,-194.70967741935485,-36.7442552767114,15.717451032581248,-203.8479671569987,-49.93582666015292,-2.5324584766411067,-194.7096795732227,-0.6121353507041931,0.20057669281959534,-0.8838316798210144,-1.797046184539795,1.400726318359375,-2.36078143119812
1.84,-0.10856661200523376,0.03690466284751892,-0.053394462913274765,-0.8680756092071533,0.5449700951576233,0.6591823101043701,709.7084886156433,699.9939767093608,694.6415635753751,2.3690531850014525,19.19138800603038,-4.142161008286431,11.020408630371094,15.795919418334961,-3.3061225414276123,-48.40385594331021,-12.53262661293602,-196.0483870967742,-40.87410164061295,11.622114441321816,-204.56653456626694,-48.40385718763457,-12.532626912217655,-196.04838925773944,-0.7418672442436218,0.44888022541999817,-0.8877853751182556,-1.9966466426849365,1.583178997039795,-2.237121820449829
1.88,-0.13175958395004272,0.01438245177268982,-0.014592301100492477,-0.05297498404979706,-1.2096532583236694,0.23044100403785706,700.1764254504022,690.6779505590973,679.0441638043911,0.12163208418505335,19.93763441104811,-1.5162301296317156,9.918368339538574,18.367347717285156,-3.3061225414276123,-44.89022697853708,-22.019707577881718,-197.38709677419354,-46.6941095727665,5.625568851108638,-205.22636188592696,-44.89022811695655,-22.01970812968448,-197.3870989384351,-0.6519033908843994,-1.2873238325119019,-0.8597978949546814,-1.7169960737228394,1.5999975204467773,-1.9923816919326782
1.92,-0.1517515927553177,0.008171826601028442,0.01841721311211586,0.11801013350486755,-0.24875932931900024,-0.41082170605659485,699.5647515274735,680.2551479551371,693.8881942311277,-1.831033947656842,20.150310163762008,1.4188759322032274,8.816326141357422,19.46938705444336,-2.5714285373687744,-39.538786846884925,-30.605299127383145,-198.7258064516129,-47.73571002022041,0.5633004941627203,-205.96026319032362,-39.53878783643194,-30.60529990752787,-198.72580861424166,-0.7628452777862549,0.37380701303482056,0.08582080155611038,-1.615181565284729,0.3058933615684509,0.8335803747177124
1.96,-0.15377384424209595,0.005472719669342041,0.04399871826171875,1.062638759613037,-0.053874898701906204,-0.5500415563583374,683.281725159399,668.2738105182355,696.0091410012701,-3.3976250655741933,19.843477867998725,4.549254063166903,6.9795918464660645,19.83673667907715,-1.1020407676696777,-32.56862413611111,-37.93790613463955,-200.06451612903226,-45.51194729894156,-6.297314397747517,-206.4777046542465,-32.56862494115453,-37.93790710799657,-200.0645182857905,-0.3896036446094513,0.4243259131908417,0.04475482925772667,-1.7882654666900635,2.2315165996551514,0.8798027038574219
2.0,-0.15547052025794983,-0.006293356418609619,0.04734319448471069,0.379096120595932,-0.012350205332040787,-1.5044183731079102,697.4233026217568,666.2122038780873,661.0839320791414,-4.509059462790818,19.04383146316589,7.7472394283460915,5.510204315185547,20.204082489013672,1.8367347717285156,-24.26509812655405,-43.717330807229104,-201.40322580645162,-40.511791826178666,-14.207832395837634,-209.3606911495972,-24.26509871976842,-43.71733192992601,-201.4032279551009,-0.6067601442337036,-0.7184200286865234,-0.3027338683605194,-1.4432824850082397,-2.56821870803833,0.6244953870773315
2.04,-0.149224191904068,-0.007427901029586792,0.051865771412849426,0.3442430794239044,0.6591244339942932,-0.9863125085830688,697.6367380405686,697.8813608670678,686.4188154491684,-5.117937939749441,17.792183492275473,10.881522913645703,4.040816307067871,19.46938705444336,4.775510311126709,-14.968156148667902,-47.70696282000244,-202.74193548387098,-32.687039966791204,-20.721095097405083,-211.09472394420652,-14.968156511304,-47.70696404214925,-202.7419376247799,-0.7351849675178528,0.7218335866928101,-0.11906544864177704,-1.367860198020935,-0.3700495958328247,0.531015932559967
2.08,-0.1406155228614807,-0.01644963026046753,0.06168973445892334,0.2597653269767761,0.7695204019546509,-0.6509873270988464,698.4751163984942,693.1196122250599,694.7594943452839,-5.1965517370208145,16.145820959469717,13.828449135605824,2.9387755393981934,18.734695434570312,7.3469390869140625,-5.058416099371614,-49.74346616959476,-204.0806451612903,-25.5090663509853,-25.88798026605872,-212.3664421365792,-5.0584162211115995,-49.743467437990894,-204.08064729706786,-0.7025988698005676,-0.39177584648132324,0.049326978623867035,-1.8964216709136963,-2.7652645111083984,0.6075953245162964
2.12,-0.12275484949350357,-0.025950491428375244,0.0618315190076828,0.2601436376571655,0.259524405002594,-1.1823196411132812,698.4704050216569,698.4051136094662,677.4529523774712,-4.7349263829926675,14.180433204893431,16.48159680052191,1.8367347717285156,17.632652282714844,10.285714149475098,5.058416099371602,-49.74346616959476,-205.41935483870967,-16.562183038358004,-31.075434848895284,-213.37045890911565,5.058416220608108,-49.74346743012905,-205.41935697308665,-0.7211928963661194,-0.6320531964302063,-0.152460977435112,-1.5280154943466187,-1.8549578189849854,0.7047924995422363
2.16,-0.10187383741140366,-0.028196126222610474,0.06325870752334595,0.10656458884477615,0.9870752692222595,-0.8096994161605835,699.6160603299842,686.3899557485511,691.7908843543261,-3.739906463975168,11.990139297888026,18.75748987862911,1.1020407676696777,15.795919418334961,12.85714340209961,14.968156148667887,-47.706962820002445,-206.75806451612902,-6.632583520286993,-33.842797821060174,-213.45154426774022,14.968156506731518,-47.70696401977221,-206.75806665252486,-0.7934804558753967,-0.3204258680343628,0.027001429349184036,-2.23869252204895,-2.210735321044922,0.5655081868171692
2.2,-0.07809639722108841,-0.040778398513793945,0.058100759983062744,0.5279748439788818,-0.14889377355575562,0.24099275469779968,696.0581392595817,699.9126076273337,699.9222254171649,-2.235637985467809,9.684471310182719,20.596913316477227,0.7346938848495483,14.326530456542969,15.428570747375488,24.26509812655404,-43.71733080722911,-208.09677419354838,2.4977217517347876,-36.27053625090858,-213.95198524921426,24.265098706893365,-43.717331896580205,-208.096776333825,-0.8217002749443054,-0.378590852022171,0.07061292231082916,-2.3424057960510254,-1.5857112407684326,0.6310978531837463
2.24,-0.051841408014297485,-0.04896165430545807,0.038913071155548096,0.13322460651397705,0.8779521584510803,-1.0837950706481934,699.4913283352998,690.0121374262243,682.3256325911174,-0.2651349697802034,7.382100992436891,21.962833856707654,0.7346938848495483,12.489795684814453,18.367347717285156,32.568624136111104,-37.937906134639555,-209.43548387096774,13.390787605424972,-37.84770560747208,-214.52695186690244,32.568624915647824,-37.93790706927181,-209.43548601478076,-0.8115214109420776,-0.4024507999420166,-0.0242377370595932,-2.707828998565674,-1.8356852531433105,0.5884263515472412
2.28,-0.017449695616960526,-0.05067762732505798,0.01146116852760315,0.1413697898387909,1.0637224912643433,-1.2289645671844482,686.3198734659131,683.2336299693634,696.0086586511912,2.107996036567394,5.202341717491665,22.83667578954966,0.7346938848495483,10.285714149475098,21.306123733520508,39.53878684688493,-30.605299127383134,-210.7741935483871,25.14676583849617,-38.89467423098352,-214.1047508409631,39.538787794262944,-30.60529987044348,-210.77419569333654,-0.7977852821350098,-0.28557273745536804,-1.3553215265274048,-2.2333717346191406,-1.1606019735336304,0.5019608736038208
2.32,0.004734471440315247,-0.043842412531375885,0.007479369640350342,-1.1744939088821411,1.3671833276748657,-0.40329134464263916,699.5428037309172,667.5228838309696,689.6369013232439,4.799036371624525,3.2563779656583094,23.21463326443068,1.8367347717285156,7.714285373687744,22.40816307067871,44.890226978537086,-22.01970757788171,-212.11290322580646,33.376264063519685,-34.20785059424695,-213.40763456653414,44.89022805501005,-22.019708101742673,-212.11290536831197,-2.2519896030426025,-0.14010673761367798,0.33815136551856995,1.2163240909576416,-1.4695639610290527,-1.9803444147109985
2.36,0.032467037439346313,-0.0265134759247303,0.0012521147727966309,-0.6348960995674133,1.3438303470611572,-0.3015882074832916,694.9864710853458,668.7491133050586,683.6948668926723,7.704241968549939,1.6402187071901086,23.105170237632095,2.9387755393981934,4.775510311126709,23.142858505249023,48.40385594331021,-12.532626612936024,-213.4516129032258,41.31374814838485,-28.4833968665463,-211.57827139239492,48.40385710432829,-12.532626900301063,-213.4516150397878,0.12897616624832153,-0.1986270695924759,-0.9800614714622498,1.3569934368133545,-1.7284626960754395,-1.9299232959747314
2.4,0.03829244524240494,-0.022664418444037437,-0.0006572604179382324,-0.7853239178657532,0.7081907391548157,-0.010957182385027409,692.3452720487696,693.8527283982397,666.1468829991891,10.706353684437484,0.4305323075002281,22.52822237301861,5.510204315185547,2.9387755393981934,23.142858505249023,49.93582535855264,-2.532458441935633,-214.79032258064515,45.494713555143655,-19.756615417226577,-212.58470024923855,49.93582655587083,-2.53245848608058,-214.7903247090112,0.07610730826854706,-0.49317023158073425,-0.8660069108009338,0.8401621580123901,-1.1177619695663452,-1.42654550075531
2.44,0.032988011837005615,-0.011720597743988037,-0.010727792978286743,-1.4977327585220337,0.5430645942687988,-0.08397253602743149,661.3590280875995,695.3265697803415,669.9029454606406,13.683166615000156,-0.31666403326856596,21.51604044190462,8.816326141357422,1.1020407676696777,23.142858505249023,49.42341621640557,7.571388875228833,-216.1290322580645,49.7738211492218,-9.078257502746018,-213.99311013068052,49.42341740039225,7.571389070974364,-216.12903437787733,-0.19927851855754852,-0.5957094430923462,-0.8608173131942749,0.3928114175796509,-0.4045580327510834,-1.6068103313446045
2.48,0.04006306827068329,-0.0055274576880037785,-0.015571177005767822,-0.9338405728340149,0.22326910495758057,0.23528994619846344,688.2828567984395,678.570091801353,679.3975077637881,16.517481677844238,-0.5653902002473625,20.115119085885265,11.387755393981934,0.0,22.40816307067871,46.88760660735402,17.365262642241014,-217.46774193548387,50.595392756349476,-0.05632009563469437,-214.76248343958858,46.88760772920564,17.365263065447746,-217.46774404821323,0.026851506903767586,-0.7409086227416992,-0.7476691603660583,0.650189995765686,0.6623113751411438,-1.2307826280593872
2.52,0.044651031494140625,-0.0034566782414913177,-0.03361010551452637,-0.9840168952941895,0.35475438833236694,0.08333828300237656,686.5053659137722,686.9539985201226,699.5429935457265,19.106057572804612,-0.29841189458372674,18.388234114382744,13.959183692932129,-0.36734694242477417,22.040817260742188,42.432212874737544,26.44820051634812,-218.80645161290323,50.873801788006666,7.654640968462787,-216.6472917730248,42.432213888461135,26.44820114653097,-218.80645372114623,-0.13170485198497772,0.5259791016578674,-0.8604835271835327,0.9565512537956238,1.010735034942627,-1.904400110244751
2.56,0.04495075345039368,0.0012033511884510517,-0.05733874440193176,0.5398107171058655,0.4368390738964081,-1.2782942056655884,699.9957934561342,691.288793116236,727.7136881939819,21.365548269971764,0.48368329322580994,16.41534880919797,16.530611038208008,-0.36734694242477417,21.67346954345703,36.239639361456,34.448345953784326,-220.14516129032256,50.39069509282004,15.083476853890895,-218.92117211595806,36.23964022564761,34.44834676335252,-220.14516339676788,-0.13822688162326813,0.49006929993629456,-0.9772482514381409,0.3336045444011688,0.8465121984481812,-1.8832781314849854
2.6,0.039504796266555786,0.002030744217336178,-0.07894954085350037,-1.3735368251800537,-0.6396779417991638,-0.026690738275647163,667.1940126815837,697.5637147951073,699.2436801548613,23.234630276352906,1.7624977512015216,14.292226246919443,19.102041244506836,0.36734694242477417,20.93877601623535,28.56341075473962,41.03817206036381,-221.48387096774195,47.480794915729206,22.330149831886253,-222.04294512283167,28.563411434256402,41.0381730155076,-221.4838730741722,-0.13320153951644897,-1.0696147680282593,-0.856238842010498,1.0284078121185303,-0.21016395092010498,-1.8616139888763428
2.64,0.027246862649917603,0.005115773528814316,-0.09035897254943848,-0.8613842129707336,-0.5446760654449463,0.05500742048025131,690.4760291265858,695.374191397786,694.2048294350883,24.672869282030717,3.500981383903185,12.126152144108088,21.67346954345703,1.4693877696990967,19.46938705444336,19.717792755665936,45.94789058101153,-222.82258064516128,41.85542514212176,30.344825468021305,-224.95656229907604,19.717793223230164,45.94789164268712,-222.82258275182383,0.07637149840593338,-1.0770118236541748,-0.7954773902893066,0.7796354293823242,-1.192550778388977,-1.3432691097259521
2.68,0.013881444931030273,0.016224078834056854,-0.09610572457313538,-0.7364688515663147,-0.5117124915122986,0.4637778401374817,697.1322131263636,694.3218628405145,671.4212932319557,25.657701315925028,5.64237176532368,10.029144431402703,23.87755012512207,2.5714285373687744,17.632652282714844,10.064926004433014,48.97649706262472,-224.16129032258064,35.13915737966043,37.930710888613554,-226.8252577018576,10.064926242058748,48.97649818780421,-224.16129242812394,0.1948295384645462,0.19978433847427368,-0.8046270608901978,-1.4537830352783203,1.3826625347137451,-1.2666676044464111
2.72,0.005423784255981445,0.021541491150856018,-0.08782713115215302,-1.1744287014007568,-1.203538179397583,1.0277295112609863,699.4260946895312,676.3322835922836,665.9973629861678,26.181032382006634,8.109987756862653,8.109987756862662,25.346939086914062,4.408163070678711,15.061224937438965,1.2246467991473532e-14,50.0,-225.5,24.902101200119713,43.49746928131526,-228.25361418319517,1.2033874066735997e-14,50.00000114325184,-225.5000021019788,-2.215780258178711,-0.03837718442082405,-0.4144105315208435,1.5657225847244263,1.3749877214431763,-1.4851824045181274
2.76,0.0017342865467071533,0.03255216032266617,-0.0828532874584198,-0.08721178770065308,-0.5961865186691284,0.4711880087852478,670.0847251003961,695.4873178805232,685.3115018297023,26.24660909502345,10.809060086860155,6.466856337413449,26.081632614135742,6.244897842407227,12.85714340209961,-10.06492600443299,48.97649706262473,-226.83870967741936,15.475746973226865,46.34710367330148,-229.10405610895157,-10.064926239113188,48.976498177952365,-226.83871177316854,0.0846099853515625,0.14977768063545227,-0.7715591192245483,-1.933837652206421,1.22800874710083,-0.6646643877029419
2.8,-0.003532230854034424,0.034780457615852356,-0.07947371900081635,-0.01904739812016487,-1.0468878746032715,0.5306440591812134,666.5297442584493,683.9697093808821,694.0363299788418,25.868788275619313,13.631391701024409,5.181935144702023,26.4489803314209,8.816326141357422,11.020408630371094,-19.717792755665915,45.947890581011535,-228.17741935483872,5.190327669122689,46.74424540427975,-230.93553762613735,-19.717793211894122,45.94789162377691,-228.17742144237747,-0.7931294441223145,0.03988020494580269,-0.7077196836471558,-2.332531452178955,1.5869925022125244,-1.46254563331604
2.84,-0.010126084089279175,0.04557040333747864,-0.07625553756952286,-0.04220559075474739,-0.6212478876113892,0.30537983775138855,667.6722404304343,695.1701254161081,697.8391169498342,25.072824513772424,16.462731340336575,4.318557792877297,26.4489803314209,11.020408630371094,9.551020622253418,-28.5634107547396,41.03817206036383,-229.51612903225805,-3.4755818134013143,45.904692684997755,-232.06229727830407,-28.563411410302116,41.03817298911062,-229.5161311108858,-0.7783836722373962,0.1868816614151001,-0.8021191358566284,-2.5429060459136963,1.7567723989486694,-1.7659096717834473
2.88,-0.017607450485229492,0.04369458556175232,-0.07208872586488724,0.02461508847773075,-0.8437526226043701,0.08356114476919174,686.8331379738626,690.9467274292615,699.7107682689091,23.896348734382826,19.19163361210924,3.92046367885541,26.081632614135742,13.959183692932129,8.448980331420898,-36.239639361455986,34.44834595378434,-230.8548387096774,-13.15687037273388,42.52581914130764,-234.1564895534447,-36.239640186537805,34.44834673184497,-230.8548407800643,-0.7674767374992371,0.1445814073085785,-0.9171019196510315,-1.8801661729812622,1.0580931901931763,-1.3078843355178833
2.92,-0.025318443775177002,0.05285441875457764,-0.06621404737234116,-0.045768458396196365,0.9810892343521118,-0.15265436470508575,698.6618292642567,700.3100831692512,700.6126764189714,22.391320623732398,21.717845639575888,4.012243839636033,25.346939086914062,16.163265228271484,7.714285373687744,-42.43221287473754,26.44820051634814,-232.19354838709677,-20.30057879002526,38.36646370188299,-235.24131847780785,-42.432213833494316,26.448201113210228,-232.19355045088503,-0.6507992744445801,0.43842488527297974,-0.9547580480575562,-1.8302453756332397,1.1954808235168457,-2.1973047256469727
2.96,-0.025939971208572388,0.04565361142158508,-0.05820217728614807,0.5601107478141785,-1.5646154880523682,0.22161415219306946,695.9017244468757,658.8133114268686,698.8854155846611,20.625440978679805,23.95836236159906,4.600000391608106,23.87755012512207,19.102041244506836,7.3469390869140625,-46.887606607354016,17.365262642241035,-233.53225806451613,-28.54327956185839,30.456144215077437,-236.87743597221092,-46.88760765942921,17.36526303470163,-233.53226012362092,-0.5932261943817139,-0.15381310880184174,-0.8728192448616028,-1.929702639579773,1.6968028545379639,-2.6137986183166504
3.0,-0.031115084886550903,0.03346812725067139,-0.047943130135536194,0.6085934042930603,-0.9690455198287964,0.04392457753419876,695.3334514079924,687.0585563118256,699.7506128910594,18.6819325723832,25.85018696503498,5.671566391141009,22.40816307067871,22.040817260742188,7.3469390869140625,-49.42341621640556,7.571388875228859,-234.8709677419355,-36.105583978856146,21.93071366937438,-238.56082939032626,-49.42341731841188,7.571389048356713,-234.87096979781262,-0.5741264820098877,0.09716583788394928,-0.9513177275657654,-2.115792751312256,1.2055875062942505,-2.909791946411133
3.04,-0.04580134153366089,0.028017789125442505,-0.029240183532238007,0.151408851146698,-0.4766509532928467,0.09247323870658875,699.3045809057372,696.6962558879765,699.5141584178481,16.656895630870522,27.349997803595997,7.19613817033026,21.306123733520508,24.24489974975586,7.3469390869140625,-49.93582535855264,-2.532458441935609,-236.20967741935482,-41.86386648961233,15.435683030834094,-239.4319495309055,-49.935826465615534,-2.532458494057198,-236.20967947248008,-0.7529224157333374,0.3099808394908905,-0.9755779504776001,-1.5246284008026123,1.3953144550323486,-2.140409231185913
3.08,-0.04908716678619385,0.015725761651992798,-0.002632632851600647,0.4247455894947052,-1.2600377798080444,0.10888839513063431,697.1080904009349,686.8228054421209,671.3316182639528,14.654146991811503,28.431773715603686,9.123707382544039,19.46938705444336,26.4489803314209,7.3469390869140625,-48.40385594331021,-12.532626612936044,-237.5483870967742,-47.59099946414278,6.71606050301587,-239.16040217671687,-48.403857010740154,-12.532626886777035,-237.54838914649443,-0.5062126517295837,-2.246415376663208,-0.8740333914756775,-1.5684335231781006,2.0814106464385986,-2.6231799125671387
3.12,-0.05198553204536438,0.015372514724731445,0.024598926305770874,0.6858762502670288,-0.5878669023513794,-0.13046543300151825,694.2276432637777,696.5130818555076,698.3114855851527,12.77833105003254,29.083704130962634,11.385111452287845,17.632652282714844,27.551021575927734,7.714285373687744,-44.89022697853709,-22.01970757788169,-238.88709677419354,-49.53391682233196,-0.7841547090940184,-238.41683382375834,-44.890227963595,-22.019708060471608,-238.88709881898436,-0.6805753111839294,0.24599306285381317,0.1834457367658615,-2.0344960689544678,1.978354573249817,0.8700312972068787
3.16,-0.03984454274177551,0.007516086101531982,0.03201073408126831,0.9674246907234192,-0.4837912321090698,-0.5284735560417175,687.117280044915,693.2972128178968,696.2279604195064,11.127716779715376,29.30551074460525,13.89369428016753,15.061224937438965,28.653060913085938,9.551020622253418,-39.53878684688492,-30.60529912738315,-240.2258064516129,-48.153682465075725,-12.364975252655626,-238.93061479713546,-39.538787710512665,-30.60529979686685,-240.22580848963474,-0.6443949341773987,1.1249713897705078,0.03437201678752899,-1.653107762336731,-0.9883031845092773,0.7278618812561035
3.2,-0.03018447756767273,0.004975795745849609,0.024502739310264587,0.6102647185325623,0.6104974746704102,-1.3239638805389404,695.3122539554955,697.0110459464623,669.8100648945266,9.788122924079953,29.106885546045785,16.54932769610454,12.85714340209961,29.020408630371094,12.489795684814453,-32.56862413611113,-37.93790613463952,-241.56451612903226,-42.25307554933891,-23.359838058305503,-240.67950513402934,-32.5686248444734,-37.93790696139656,-241.5645181587653,-0.7275854349136353,0.789395809173584,-0.2610008418560028,-1.4479721784591675,-2.104247570037842,0.49264034628868103
3.24,-0.02150784432888031,-0.004901885986328125,0.038794636726379395,0.511454164981842,-0.31279489398002625,-0.4107533097267151,696.3903371869571,684.4038123712655,697.1908037719056,8.828849778503123,28.507300577783056,19.24484744004178,11.020408630371094,29.38775634765625,14.326530456542969,-24.265098126554044,-43.71733080722911,-242.90322580645162,-38.75075215062838,-31.686736818552877,-240.71708850348816,-24.265098652293776,-43.7173317554395,-242.90322782716257,-0.6636183261871338,-0.8923583626747131,0.12304376065731049,-1.6006921529769897,-1.505871295928955,0.672157883644104
3.28,-0.019016548991203308,-0.002544015645980835,0.04737153649330139,-0.3296680152416229,0.830329418182373,0.39450395107269287,692.0845367582034,699.4431301988294,699.9768128108199,8.300686654011697,27.53704111623567,21.874018730928498,9.918368339538574,28.653060913085938,16.530611038208008,-14.968156148667934,-47.70696282000243,-244.24193548387098,-31.38438913853876,-36.83945647089537,-241.50598949592464,-14.968156471866829,-47.706963849448854,-244.24193749574798,-1.0530014038085938,1.8887215852737427,0.019568992778658867,-1.6649479866027832,-2.4675426483154297,0.5970956683158875
3.32,-0.01541079580783844,-0.013067513704299927,0.0483798086643219,0.4710671603679657,0.5592563152313232,-1.251366138458252,692.7884539561255,695.7878438356078,673.7534967472529,8.235422327420148,26.238955885524522,24.339419424184243,9.183673858642578,28.285715103149414,19.102041244506836,-5.0584160993716045,-49.74346616959476,-245.5806451612903,-24.05033878782469,-42.21370879642914,-243.23007108912276,-5.058416208258208,-49.74346723749705,-245.58064716523248,-0.6894380450248718,-0.5550947189331055,-0.1913730651140213,-2.076220989227295,-1.9429292678833008,0.8946041464805603
3.36,-0.01013907790184021,-0.01648765802383423,0.04652926325798035,0.015442454256117344,0.3543468415737152,-0.7104824781417847,666.358099962439,686.9301546960925,693.8129082598152,8.646037867300002,24.67011605826358,26.558544753326572,8.816326141357422,27.183673858642578,21.67346954345703,5.058416099371567,-49.74346616959476,-246.91935483870967,-14.555276818780511,-45.48534409728061,-244.7293642310799,5.058416207941874,-49.74346723235675,-246.9193568358926,-0.8855090141296387,-0.6352728009223938,0.05183245986700058,-1.9365733861923218,-1.7208130359649658,0.4803583025932312
3.4,-0.009384170174598694,-0.018224507570266724,0.046791404485702515,-0.9469001889228821,0.9261455535888672,-0.5249179601669312,699.7964292647174,688.5363284998442,696.2626134901327,9.526898555601122,22.90240858792926,28.467071097093566,9.183673858642578,25.71428680419922,23.87755012512207,14.9681561486679,-47.70696282000244,-248.25806451612902,-4.885958934608739,-45.69734115994276,-246.48396093811465,14.968156468993344,-47.70696383485262,-248.258066507526,-1.2369704246520996,-0.3703206181526184,0.15912146866321564,-1.4833707809448242,-2.106611490249634,0.7077685594558716
3.44,-0.000420987606048584,-0.02343103289604187,0.02881142497062683,-0.4404345452785492,0.3399023711681366,-0.8915683031082153,691.4552681268932,697.6199202787609,689.6142297778954,10.853646758145082,21.02119427271579,30.019209421694363,9.551020622253418,24.24489974975586,26.816326141357422,24.26509812655401,-43.717330807229125,-249.59677419354838,6.91096355862416,-47.12381753883635,-248.42180348908335,24.26509864419717,-43.71733173378546,-249.5967761795738,-1.1071252822875977,-0.6369053721427917,0.046015869826078415,-0.31131601333618164,-1.9301011562347412,0.6058623194694519
3.48,0.003500044345855713,-0.024207085371017456,0.017432212829589844,-1.1654506921768188,0.5117024779319763,-0.9170625805854797,699.696064250968,696.3880316574831,688.8290914391616,12.58297299514708,19.121626423162095,31.185921135613924,10.653061866760254,22.40816307067871,29.020408630371094,32.568624136111104,-37.93790613463955,-250.93548387096774,17.878883734725893,-44.84963078219755,-250.18542394065224,32.56862482840401,-37.93790693640828,-250.9354858513462,-2.324632167816162,-0.5053063631057739,0.12388509511947632,1.0909662246704102,-2.3040149211883545,-0.32721132040023804
3.52,0.014449536800384521,-0.031715720891952515,0.018560707569122314,-0.8377821445465088,0.397975355386734,-0.43262767791748047,695.3040156199129,697.2754336981872,694.8252272378287,14.652863720787863,17.30295994673108,31.9521500982161,11.755102157592773,20.93877601623535,30.12244987487793,39.538786846884896,-30.60529912738318,-252.27419354838707,24.866272006100736,-41.34110653490673,-251.18042470100374,39.538787683856285,-30.60529977314483,-252.27419552227636,0.2968229651451111,-0.7728949785232544,0.17472253739833832,1.2955256700515747,-2.6051836013793945,0.9312914609909058
3.56,0.02493046224117279,-0.024987787008285522,0.006289482116699219,-0.5086923837661743,0.7065557837486267,-0.9298763871192932,696.4158668476588,693.8809635206627,699.527453587602,16.984144282095514,15.661875702081295,32.314153702292074,13.22449016571045,18.734695434570312,31.591838836669922,44.89022697853708,-22.019707577881718,-253.61290322580646,34.78215034832897,-36.23962009409446,-251.7356250131396,44.89022792423995,-22.01970804286552,-253.612905192117,0.2641087770462036,-0.4352162182331085,-2.2886674404144287,1.1541858911514282,-2.8440399169921875,1.0572564601898193
3.6,0.03356051445007324,-0.02157333493232727,-0.00021517276763916016,-0.18655435740947723,0.7974244952201843,-0.6710947155952454,699.070275267619,692.0750859779754,698.0585093993429,19.48401174977032,14.286142401294937,32.27768790057632,15.061224937438965,16.897960662841797,32.32653045654297,48.403855943310205,-12.532626612936076,-254.9516129032258,41.6657363594125,-29.44722583734051,-252.52500071615563,48.40385695748156,-12.532626879693792,-254.95161486100542,0.3259413242340088,-0.4875960052013397,-1.247692346572876,1.20756196975708,-2.447214365005493,1.1277410984039307
3.64,0.038723498582839966,-0.02635130286216736,-0.0008522868156433105,0.3415968120098114,-0.47667860984802246,-0.018161872401833534,699.9584602251394,699.6809817033735,666.4874257587866,22.051725866423457,13.24968718020039,31.857406475314807,17.26530647277832,15.795919418334961,32.32653045654297,49.93582535855264,-2.5324584419356455,-256.2903225806451,44.64946108746566,-21.436218962655857,-254.25858765364904,49.93582639849112,-2.5324585008869587,-256.2903245293707,0.22559292614459991,-0.808718740940094,-0.9424777030944824,0.8620386123657227,-1.5367802381515503,-1.9198083877563477
3.68,0.03224703669548035,-0.012382835149765015,-0.00818789005279541,-0.8844884037971497,0.8996654748916626,-0.3090607225894928,689.8228621395513,696.9484087250955,684.1686855186134,24.585835292801008,12.609516569468724,31.07746753262347,20.204082489013672,13.959183692932129,32.32653045654297,49.42341621640558,7.571388875228778,-257.6290322580645,49.41227247353801,-9.973234512493175,-255.40186318920072,49.42341723893087,7.571389025531225,-257.62903419773073,-0.0747353658080101,0.9089527726173401,-1.1656203269958496,0.7159247398376465,-2.2263097763061523,-0.4372684359550476
3.72,0.03800693154335022,-0.00432218611240387,-0.015388250350952148,-0.44272738695144653,0.6436157822608948,0.15961219370365143,696.9636669857559,697.6311509133888,678.6637672866987,26.991615919003348,12.404273683303941,29.973012310554374,22.40816307067871,12.85714340209961,31.959182739257812,46.88760660735403,17.365262642241003,-258.9677419354839,51.184900915753666,-1.0343843037429372,-256.0826822557679,46.88760757071559,17.36526299505849,-258.96774386647843,0.12087386846542358,0.7476567029953003,-0.9877119064331055,1.1498596668243408,-1.3866063356399536,-2.223533868789673
3.76,0.03511616587638855,-0.0014921873807907104,-0.02825409173965454,-0.9241558313369751,0.2602963447570801,0.18694861233234406,688.6010546528619,681.0156060986029,699.0677077780928,29.18718370845649,12.653824496864777,28.591889761899882,24.979591369628906,12.489795684814453,31.591838836669922,42.43221287473758,26.448200516348074,-260.30645161290323,51.23717374649975,8.126332334923918,-258.18196523799173,42.43221374036805,26.44820105689429,-260.3064535357551,-0.02934560924768448,0.5541138648986816,-0.9658984541893005,1.2129637002944946,1.8929423093795776,-2.3852179050445557
3.8,0.028556734323501587,-0.0035490095615386963,-0.03953593969345093,-1.0536476373672485,-0.13984456658363342,0.3310738801956177,683.676946211389,673.1968000295069,697.6684581039165,31.107167126331206,13.359230512725812,26.99578820275603,27.551021575927734,12.85714340209961,30.857141494750977,36.239639361456014,34.44834595378431,-261.64516129032256,48.436959308709646,17.089729640476165,-261.0587023562485,36.23964009549331,34.448346659612156,-261.6451632054452,0.010282326489686966,-0.8722985982894897,-0.7826154828071594,1.1296275854110718,-2.7019152641296387,-2.340090751647949
3.84,0.02359861135482788,0.008762538433074951,-0.05457031726837158,-0.9791696667671204,0.5928233861923218,0.32682764530181885,686.6866087157217,696.6276433360982,697.737134355538,32.70365800985948,14.5027166646182,25.259908222304603,29.755102157592773,12.85714340209961,30.12244987487793,28.563410754739664,41.038172060363785,-262.98387096774195,46.40324268293486,25.571446549236416,-262.5137710139278,28.563411329269332,41.03817290208497,-262.98387287526685,0.0025481334887444973,0.6869766116142273,-0.966213047504425,1.1462531089782715,-1.8995459079742432,-1.9443835020065308
3.88,0.01299428939819336,0.009486138820648193,-0.0528104305267334,-1.301175594329834,-0.274588018655777,1.277429461479187,693.6880535437979,681.952261927971,672.3334457550224,33.94497167002852,16.047642503342797,23.470579850984805,31.959182739257812,13.959183692932129,28.285715103149414,19.717792755665947,45.94789058101153,-264.3225806451613,38.499168122789996,34.499224160618354,-264.72868550636133,19.71779314965241,45.947891523396535,-264.3225825449036,-2.421586275100708,0.4731578528881073,-0.36035221815109253,1.2355899810791016,0.418434739112854,-1.822401762008667
3.92,0.009013354778289795,0.010804086923599243,-0.05839395523071289,-0.8571249842643738,-0.7128802537918091,0.5269985198974609,699.1085114863541,698.5794509606872,696.2496337057576,34.81320475698164,17.938883680702073,21.72079296866429,33.42857360839844,15.428570747375488,26.816326141357422,10.064926004433069,48.976497062624716,-265.6612903225806,30.682727809338896,39.90696942940415,-266.971846931105,10.064926204324259,48.97649806605486,-265.6612922141296,-1.2609851360321045,0.45803651213645935,-0.7684891819953918,0.0446314811706543,-1.0053967237472534,-1.8793995380401611
3.96,0.004932105541229248,0.011756420135498047,-0.05046522617340088,-0.7856028079986572,-0.9187954664230347,0.7020514607429504,699.196799559974,697.321771839816,693.9594990682167,35.301618102210305,20.10428338439873,20.10428338439873,34.53061294555664,17.26530647277832,24.612245559692383,2.4492935982947064e-14,50.0,-267.0,19.795088127481137,44.65309047797878,-268.31741663226927,0.0,50.00000102218139,-267.00000188288845,-1.1802988052368164,-1.1774424314498901,-0.5863552093505859,1.6634067296981812,-0.03526592254638672,-1.9329344034194946
4.0,0.007044851779937744,0.030315548181533813,-0.04021000862121582,-0.29191088676452637,0.1484730839729309,0.36861664056777954,683.0752914624885,699.7412430698979,697.4585730852845,35.41262994469699,22.457802753338797,18.70928138467324,34.8979606628418,18.367347717285156,22.40816307067871,-10.064926004432936,48.97649706262474,-268.33870967741933,10.826062069664992,47.6995695848985,-267.4189278105014,-10.064926202408543,48.97649806045484,-268.3387115512981,0.2522643804550171,0.21727578341960907,-0.7924954891204834,1.238412857055664,1.1098569631576538,-2.023893356323242
4.04,0.002570807933807373,0.026511967182159424,-0.01967748999595642,-0.010910667479038239,-1.1142233610153198,1.3184545040130615,666.1447061736477,680.8898516735821,671.5952119860098,35.15686155683235,24.904611916550913,17.613046548207237,35.26530456542969,20.93877601623535,19.83673667907715,-19.717792755665904,45.94789058101154,-269.6774193548387,-2.9534393903610185,49.07063529218538,-267.8539956281204,-19.717793142301666,45.9478915125036,-269.6774212195751,0.5444574952125549,0.10025406628847122,-1.5434727668762207,1.8292291164398193,1.177829384803772,-1.1378101110458374
4.08,-0.0018920302391052246,0.030748188495635986,-0.025988668203353882,0.32903215289115906,-0.8021078705787659,0.030031125992536545,685.4119639793786,691.9678696113712,698.9238636883304,34.55334159983446,27.34770085809911,16.877898478617265,35.26530456542969,23.142858505249023,19.102041244506836,-28.56341075473963,41.038172060363806,-271.01612903225805,-10.921298200274492,46.90778365208219,-269.90990058841584,-28.563411313818822,41.03817288655355,-271.01613088790896,0.5927382111549377,0.12237221002578735,-1.114974856376648,0.2999471426010132,1.5136860609054565,-2.428654432296753
4.12,-0.006015479564666748,0.02850845456123352,-0.013172924518585205,0.2030455619096756,-0.8280575275421143,0.7784257531166077,677.2379297130171,691.3461959647833,697.3819011162327,33.63067447526988,29.694927738758487,16.54885879770599,34.8979606628418,25.71428680419922,17.632652282714844,-36.23963936145598,34.44834595378435,-272.35483870967744,-21.95897275581887,43.767196651767904,-270.6105963776161,-36.23964007047363,34.44834664054473,-272.35484055635914,-0.7918205261230469,0.1914222091436386,-0.7235400080680847,-0.5655089020729065,1.4990248680114746,-2.4784398078918457
4.16,-0.009294986724853516,0.031006336212158203,-0.012503623962402344,0.3221488893032074,-1.050438642501831,-0.0020579060073941946,684.9875550224765,683.8164031307377,667.1796802093082,32.42870378604985,31.865117517355674,16.65254453329207,34.163265228271484,27.918367385864258,17.26530647277832,-42.43221287473755,26.448200516348113,-273.69354838709677,-29.23264112811734,38.213923510672174,-272.1410583738315,-42.432213705607104,26.448201036009962,-273.6935502248311,-0.7270740270614624,0.12149536609649658,-1.022297739982605,-1.445791244506836,2.073343276977539,-2.6406590938568115
4.2,-0.0110396146774292,0.030414998531341553,-0.004284083843231201,0.9073718786239624,-0.9253097772598267,0.03593401610851288,697.9504319311621,688.5635571662332,667.356055057664,30.999971486436436,33.79207494697625,17.196770127752654,33.061222076416016,30.12244987487793,16.897960662841797,-46.88760660735401,17.365262642241046,-275.0322580645161,-36.62541371033474,31.251526887058922,-273.0220100417403,-46.88760752724908,17.365262974881674,-275.0322598931455,1.8446969985961914,-0.012935329228639603,-1.253003478050232,-1.8353677988052368,1.6535468101501465,-2.1575496196746826
4.24,-0.016740918159484863,0.0319904088973999,-0.001195669174194336,0.9336376786231995,-0.48287683725357056,-0.2738879323005676,688.2896045427135,696.6439825339148,681.9065616179764,29.410160452314862,35.42606373609048,18.17042972806722,31.959182739257812,31.959182739257812,17.26530647277832,-49.42341621640557,7.571388875228827,-276.3709677419355,-41.17612494971557,23.77304682390394,-274.53927008906015,-49.42341718879896,7.571389009490843,-276.3709695611497,-0.5405386686325073,0.35393497347831726,-1.143014669418335,-2.02325177192688,2.122488021850586,-1.6142756938934326
4.28,-0.01884251832962036,0.02204066514968872,0.009385466575622559,0.9481172561645508,-0.708759605884552,-0.36346378922462463,687.7992275500098,693.8428704154173,687.458671238295,27.736821873230763,36.733071741996476,19.543540341987892,30.489797592163086,34.163265228271484,17.632652282714844,-49.93582535855264,-2.532458441935596,-277.7096774193548,-46.91967906612165,14.31447662827016,-275.63107826799705,-49.93582634447779,-2.5324585085730686,-277.7096792288085,-0.6769117116928101,0.2154277265071869,0.13920465111732483,-2.043726921081543,1.6800930500030518,0.4325414299964905
4.32,-0.028814643621444702,0.025617897510528564,0.020527750253677368,0.014175796881318092,0.13109329342842102,0.4162611663341522,699.5749400315407,698.7857169126693,696.8761524834159,26.066087524252307,37.69269397945756,21.267689235111007,29.38775634765625,35.26530456542969,18.367347717285156,-48.40385594331021,-12.53262661293603,-279.0483870967742,-48.42852319037325,7.487157214638709,-276.60773573268403,-48.40385690280674,-12.532626874422201,-279.04838889623375,-0.8491666913032532,0.3958333432674408,0.27366510033607483,-2.239352226257324,1.8700177669525146,0.4950432777404785
4.36,-0.019505351781845093,0.010308921337127686,0.01856362819671631,0.8077832460403442,-0.421021431684494,-0.728486955165863,691.8359319288647,690.5318736209678,693.4900161386151,24.487661409084392,38.295597512370065,23.27739976726422,27.183673858642578,37.10204315185547,20.204082489013672,-44.8902269785371,-22.01970757788168,-280.38709677419354,-49.36988098679155,-6.081006068741033,-278.39054971045294,-44.8902278722007,-22.019708020299664,-280.38709856364613,-0.7705875039100647,0.3782728314399719,0.008296195417642593,-1.609948992729187,0.6113928556442261,0.7681676149368286
4.4,-0.02140796184539795,0.008008718490600586,0.027993857860565186,0.5369826555252075,-0.5809242725372314,-0.4938061237335205,696.1434212981673,696.3472433912071,696.5496845995754,23.088929908940077,38.54137001271528,25.49297239640171,25.71428680419922,37.836734771728516,21.67346954345703,-39.538786846884925,-30.60529912738314,-281.7258064516129,-47.773779527681185,-14.597455692329376,-279.3178640077332,-39.53878763744544,-30.605299729965857,-281.72580823128726,-0.8786795735359192,0.4721725583076477,0.08101078867912292,-2.1865882873535156,0.13524866104125977,0.9575185179710388
4.44,-0.013764560222625732,0.005887329578399658,0.03460630774497986,1.1569157838821411,-0.177388533949852,-0.4911690652370453,692.1357542322226,675.5682827012149,696.5727374149174,21.949256647356655,38.437258582854156,27.825085298637664,23.87755012512207,38.20408248901367,23.510204315185547,-32.56862413611115,-37.93790613463951,-283.06451612903226,-43.915768986171834,-24.174278730305314,-279.76780845645203,-32.56862478999973,-37.93790687096758,-283.06451789930725,1.8032889366149902,0.1871597021818161,-0.1662157028913498,-2.0513250827789307,1.2595040798187256,0.9148721098899841
4.48,-0.01442006230354309,-0.002340972423553467,0.03042924404144287,0.33953791856765747,-0.3946200907230377,-0.5494930148124695,686.0505618483435,689.1818570160585,696.0148944757758,21.135335479559792,37.99799754421689,30.180889717377095,22.775510787963867,38.57143020629883,26.081632614135742,-24.265098126554054,-43.717330807229104,-284.4032258064516,-37.97857047007523,-32.63883049621044,-282.0888054298533,-24.265098615448895,-43.717331646507176,-284.4032275676678,-0.7802518010139465,-0.9459437727928162,0.1500426083803177,-2.0541038513183594,-0.3874499201774597,0.7174481153488159
4.52,-0.00939282774925232,-0.003596782684326172,0.03307726979255676,0.0825163871049881,0.37689897418022156,-1.1286942958831787,669.8216267625488,688.2180681984836,680.1835625094234,20.697997365764714,37.2466457831564,32.47071936924852,21.67346954345703,38.20408248901367,28.285715103149414,-14.968156148667946,-47.70696282000243,-285.741935483871,-30.475586916335654,-39.15208651802817,-283.07339216530346,-14.968156450991614,-47.706963728345,-285.7419372361141,-1.0507737398147583,0.7143211364746094,-0.2109098583459854,-1.8042138814926147,0.9598987102508545,1.0595945119857788
4.56,-0.004202336072921753,-0.01029980182647705,0.034573256969451904,0.7473462224006653,-0.6152085065841675,-0.4666089415550232,698.911444903762,697.1068451252947,696.7784265460397,20.67036994542586,36.2161001001458,34.614166618657144,20.93877601623535,37.836734771728516,30.489797592163086,-5.058416099371616,-49.74346616959476,-287.0806451612903,-22.819941907250968,-44.56100953995847,-284.31806377011236,-5.058416201638469,-49.74346711128817,-287.0806469042501,0.7227990627288818,-1.200652003288269,0.055752430111169815,-0.5708729028701782,-1.2992440462112427,0.6090858578681946
4.6,-0.004684031009674072,-0.009051203727722168,0.027104556560516357,-0.35589516162872314,0.20170257985591888,-0.9627504944801331,687.0206345571681,677.1498512929111,687.2853319578151,21.066993152478865,34.95071949889885,36.54438910716711,20.93877601623535,36.73469543457031,33.061222076416016,5.058416099371556,-49.74346616959476,-288.41935483870964,-11.530440300329321,-47.093567145679565,-286.4591896561329,5.0584162015451835,-49.743467108323706,-288.4193565717035,-1.1031993627548218,-0.7368701100349426,0.047446418553590775,0.15513968467712402,-2.1185338497161865,0.6518139839172363
4.64,-0.004173487424850464,-0.011902332305908203,0.03514719009399414,-0.586275041103363,0.49855828285217285,-0.3107893168926239,696.4756149783466,693.8547081394776,697.770609273173,21.883477394414783,33.50733120841596,38.21006512015307,21.306123733520508,35.632652282714844,34.53061294555664,14.968156148667802,-47.706962820002474,-289.758064516129,-3.4720321153289606,-46.60294782762147,-287.73301192766115,14.96815645010324,-47.706963720028845,-289.75806623830323,-1.1825851202011108,-0.6505426168441772,0.2787006199359894,-0.10783886909484863,0.08679783344268799,1.0875684022903442
4.68,0.010077118873596191,-0.024271607398986816,0.03216201066970825,-0.27400705218315125,-0.42536240816116333,-0.07163479179143906,681.9143390366661,699.1134960921682,699.5757649647802,23.096499507380617,31.95488589962691,39.57513191682278,21.306123733520508,34.8979606628418,36.367347717285156,24.26509812655408,-43.71733080722909,-291.0967741935484,4.660482160300197,-48.598302265114306,-288.68566652731215,24.2650986127358,-43.71733163449504,-291.0967759041823,0.21719734370708466,-0.9747481942176819,0.1142885759472847,1.777087926864624,-2.931795120239258,0.6692253351211548
4.72,0.005602329969406128,-0.012897610664367676,0.02392876148223877,-0.5075262188911438,0.9905679821968079,-0.8073904514312744,694.1761749361425,695.1080946177598,691.8451348855124,24.664244414469145,30.37227464383605,40.61699049499833,22.775510787963867,32.693878173828125,38.20408248901367,32.568624136111104,-37.937906134639555,-292.43548387096774,17.48399141882148,-43.482090951485105,-290.5197585852746,32.56862478408536,-37.93790685776119,-292.4354855697525,-1.3215066194534302,1.0268211364746094,-0.03279650956392288,-1.6271036863327026,-2.414815902709961,0.9632789492607117
4.76,0.013729602098464966,-0.02128499746322632,0.01005631685256958,-0.6280149817466736,0.38803088665008545,-1.24052894115448,697.3542656598952,697.0849471834415,697.4228610916467,26.527674844532612,28.844302822630258,41.3240734130487,23.87755012512207,31.591838836669922,40.04081726074219,39.538786846884896,-30.60529912738319,-293.7741935483871,26.955013524616763,-41.49583570940413,-292.3324936988148,39.53878762668101,-30.605299718522893,-293.7741952355637,0.339074045419693,-0.5411558151245117,-2.5014023780822754,0.13658106327056885,-2.680640459060669,0.8904368877410889
4.8,0.02060815691947937,-0.009485125541687012,0.009574651718139648,-0.3839942216873169,1.039116621017456,-0.08660969138145447,696.3161037661971,697.9807228625369,670.0508448259665,28.613109894133448,27.456372249855985,41.69358389334258,25.346939086914062,29.38775634765625,40.7755126953125,44.89022697853704,-22.01970757788181,-295.11290322580646,36.03618992044301,-34.32861819627896,-292.3231820008074,44.89022785490553,-22.01970801352696,-295.1129049021031,0.08456479012966156,0.81656813621521,0.15621507167816162,0.956418514251709,-0.2690465450286865,0.8500300645828247
4.84,0.03135961294174194,-0.014474272727966309,0.003200829029083252,-0.08782108873128891,0.7469404339790344,-0.23656129837036133,699.5286427821721,696.4373089997342,679.4489226100643,30.83641690507811,26.28879804694773,41.72996498975639,26.816326141357422,28.285715103149414,41.51020431518555,48.40385594331022,-12.532626612936005,-296.4516129032258,41.7938669840592,-29.05325428587418,-293.48631482828205,48.40385687759783,-12.5326268746539,-296.4516145696007,0.37369608879089355,-0.709140956401825,-0.3268159329891205,1.5120875835418701,-0.699530839920044,-1.843788504600525
4.88,0.031695008277893066,-0.009207099676132202,0.0038361549377441406,-0.687846839427948,0.8576297163963318,0.24722786247730255,694.1940061580534,699.0485192464075,680.1540109560099,33.10867200245259,25.411700762179535,41.44437425927077,29.020408630371094,26.816326141357422,41.51020431518555,49.93582535855264,-2.532458441935658,-297.7903225806451,46.10073561079849,-19.1980720257054,-294.60127140241417,49.93582631060621,-2.5324585171777705,-297.7903242379092,-0.06676820665597916,0.8055696487426758,0.28933218121528625,1.3826115131378174,-3.0379295349121094,0.7233700752258301
4.92,0.03288567066192627,-0.011692553758621216,-0.001148521900177002,-0.3136342465877533,0.43240687251091003,0.6106992959976196,697.756473461383,691.0807178613667,697.0152039010568,35.34257820501509,24.881088576978325,40.85518019482604,31.224491119384766,26.081632614135742,41.51020431518555,49.42341621640558,7.571388875228766,-299.1290322580645,48.25447595925683,-10.404506806499922,-296.52623012636735,49.42341714644567,7.571388992251046,-299.12903390651087,0.16116683185100555,-1.0547995567321777,1.6675187349319458,1.1676520109176636,-0.34952694177627563,-1.9576616287231445
4.96,0.026994705200195312,-0.008130431175231934,-0.011431992053985596,-1.1549240350723267,0.07124476134777069,0.046472739428281784,678.8685080259191,669.2006370977994,667.8902271619694,37.458522168855566,24.73627985127445,39.989262295243776,33.795921325683594,25.346939086914062,41.51020431518555,46.887606607354066,17.365262642240907,-300.46774193548384,50.34333216459097,-0.10177994857320892,-298.5632722055211,46.88760747776472,17.365262949696884,-300.46774357467416,0.0008869521552696824,-0.8227325081825256,-0.9693346619606018,1.4691065549850464,-2.330331802368164,-2.2854931354522705
5.0,0.031867027282714844,0.0021651387214660645,-0.013722002506256104,-0.9786572456359863,0.2992342412471771,0.7658950686454773,686.7056489165615,683.5447471913803,697.009894658309,39.38914553608942,24.998448122661333,38.88367471602111,35.632652282714844,24.612245559692383,40.7755126953125,42.43221287473754,26.448200516348138,-301.80645161290323,49.88898299382417,9.22825733849293,-298.8934854023593,42.43221365167993,26.448201004146,-301.80645324172525,-0.10582064837217331,0.6080480217933655,-0.800823986530304,1.3657046556472778,2.2268543243408203,-2.7162106037139893
5.04,0.03991669416427612,0.00032827258110046387,-0.020195484161376953,0.6454847455024719,-0.16981279850006104,0.21782098710536957,699.9983927863932,675.081808514267,693.4263862408437,41.08174006450399,25.669937556269307,37.587043352791504,37.10204315185547,24.979591369628906,40.04081726074219,36.239639361456014,34.44834595378431,-303.14516129032256,46.40216352634257,15.537132772014193,-300.61837774924334,36.23964001617068,34.4483466033935,-303.1451629073295,0.49232980608940125,-0.9817761182785034,-0.7900847792625427,0.9605529308319092,-1.7011268138885498,-2.4224209785461426
5.08,0.024578213691711426,0.005636721849441528,-0.023592889308929443,-1.3842077255249023,-0.23485851287841797,0.5540930032730103,666.6468512265322,679.3363078542478,695.9663346206145,42.49843485760588,26.734100286424834,36.1599790772276,39.6734733581543,25.346939086914062,38.93877410888672,28.563410754739678,41.03817206036378,-304.48387096774195,41.63297726792829,26.878927116829367,-302.7518729776447,28.563411264407097,41.03817284527349,-304.48387257165666,-0.14337773621082306,0.442688524723053,-0.9976397156715393,1.2479252815246582,-0.582603394985199,-2.270094871520996
5.12,0.017247259616851807,0.0049762725830078125,-0.02926456928253174,-0.41760188341140747,-0.9761387705802917,0.08585415035486221,691.7790405145638,699.6360401335259,699.534847359899,43.61471841603768,28.155657096675057,34.673901671371,41.51020431518555,26.4489803314209,37.836734771728516,19.717792755666043,45.947890581011485,-305.8225806451613,34.83484150652137,34.408112244871916,-305.16019421815065,19.717793103769278,45.94789146783725,-305.82258223535047,0.37744584679603577,-1.3142207860946655,-1.0065256357192993,1.3926308155059814,1.9620972871780396,-2.8137400150299072
5.16,0.011084675788879395,0.004142254590988159,-0.0295562744140625,-0.6422361135482788,-1.2110142707824707,0.18680520355701447,697.6077084787096,699.6240740496124,699.0687076569906,44.41712260401602,29.88184660701201,33.20802471955318,42.97959518432617,27.918367385864258,36.367347717285156,10.064926004432994,48.97649706262472,-307.1612903225806,25.808311158307816,40.659644398541616,-307.1669991278132,10.06492618068429,48.976498012721905,-307.1612918993113,0.7558867931365967,-2.437654972076416,-0.9241758584976196,-0.31331193447113037,-0.13047027587890625,-2.0979793071746826
5.2,0.005854964256286621,0.008622705936431885,-0.023083925247192383,-0.7104495167732239,-0.889281690120697,0.5894962549209595,698.5529423806781,699.1213487537,695.5678067753424,44.90087678538442,31.844766997922733,31.84476699792274,44.081634521484375,29.38775634765625,34.53061294555664,3.6739403974420595e-14,50.0,-308.5,15.649962513051081,46.07128526597502,-308.01339273119453,1.4651189813714214e-14,50.00000097138312,-308.50000156437267,-1.1349985599517822,-1.167110800743103,-0.6395424008369446,1.6322872638702393,0.3119325637817383,-2.6252403259277344
5.24,0.0014761090278625488,0.01723790168762207,-0.021230578422546387,-0.4227942228317261,-1.3148499727249146,0.6155093908309937,690.6186793696825,681.4432077608117,695.2450009261237,45.0681347044826,33.965218133719134,30.664319678291154,44.81632614135742,30.857141494750977,33.061222076416016,-10.064926004432923,48.97649706262474,-309.83870967741933,6.697175768265506,49.22324643884595,-308.7349128608338,-10.0649261795906,48.97649801203212,-309.8387112309897,-0.8936446309089661,-2.3572499752044678,-0.5374403595924377,-0.6234338879585266,1.714827299118042,-2.1290528774261475
5.28,-0.002017199993133545,0.02860015630722046,-0.02259993553161621,-0.12691545486450195,-1.3114688396453857,0.02518639899790287,672.4065469237021,670.4836604471062,696.8160097655621,44.92711496974967,36.15799217585362,29.739291216779275,45.183677673339844,32.32653045654297,31.959182739257812,-19.717792755665812,45.94789058101158,-311.1774193548387,-1.1176492043240416,50.12847990189652,-309.5447439214287,-19.7177930996657,45.947891466042904,-311.1774208990427,-0.924740731716156,0.02844088152050972,-1.0323675870895386,-2.4704174995422363,2.2768146991729736,-2.5659329891204834
5.32,0.0019333362579345703,0.028403282165527344,-0.013098657131195068,0.06876276433467865,-0.9108589887619019,0.2595386803150177,669.065939934559,689.0250788048842,680.9657613967978,44.492251628328546,38.33804508437962,29.130196351614295,44.81632614135742,34.53061294555664,30.489797592163086,-28.563410754739614,41.03817206036381,-312.51612903225805,-12.358329313948461,47.22230183067362,-310.235926756419,-28.563411256111944,41.03817284166724,-312.51613056783077,0.5238358378410339,0.1162048950791359,-1.1972969770431519,2.2507951259613037,1.5310224294662476,-2.525498390197754
5.36,0.0007560253143310547,0.027983009815216064,-0.004495203495025635,0.31379079818725586,-1.071535587310791,0.8042067289352417,684.4663254273244,682.8840013251137,699.3093410597497,43.78523475702713,40.426546870127645,28.882168901958554,44.448978424072266,36.73469543457031,29.38775634765625,-36.239639361455964,34.44834595378436,-313.85483870967744,-22.62373697082615,43.49654632838987,-311.04938755343466,-36.23964000349305,34.448346597226816,-313.85484023628277,0.2586964964866638,-0.20943115651607513,1.530157446861267,1.7539188861846924,1.9879388809204102,-3.0097765922546387
5.4,-0.01158517599105835,0.03878849744796753,-0.0024121999740600586,-0.261788934469223,0.6862031817436218,0.44516709446907043,681.1137530005011,699.9990761406606,691.6712099240563,42.83661463662022,42.35570557428721,29.022879089677136,44.448978424072266,38.20408248901367,29.020408630371094,-42.4322128747375,26.448200516348198,-315.19354838709677,-28.449207904113113,41.30197174070565,-312.137906241442,-42.432213635427246,26.448200994992575,-315.19354990333443,-1.1345771551132202,0.3592904806137085,0.6449506282806396,-0.7923183441162109,1.9469220638275146,-2.0399255752563477
5.44,-0.002495706081390381,0.021168112754821777,-0.006367981433868408,0.7621404528617859,-1.5031211376190186,-0.16325806081295013,699.031171353215,665.9586870444483,674.6638459435244,41.68744555413606,44.07158149332292,29.561405104056142,42.97959518432617,41.14285659790039,29.38775634765625,-46.88760660735404,17.365262642240975,-316.5322580645161,-37.24671016555723,28.903033489044308,-314.91512216463605,-46.887607459537676,17.3652629378509,-316.5322595683427,0.8362891674041748,-0.14982692897319794,-1.3408401012420654,0.25600552558898926,1.8378690481185913,-2.929464101791382
5.48,-0.009730160236358643,0.03829336166381836,-0.003380715847015381,0.7242472171783447,-0.2095004916191101,-0.38024330139160156,698.6977673387552,698.9018482115238,688.4033331275011,40.39030249884148,45.53470806981918,30.487806917152746,42.24489974975586,41.8775520324707,29.755102157592773,-49.42341621640557,7.571388875228838,-317.8709677419355,-38.723686040508895,23.837575204279286,-315.67023868140615,-49.423417128304976,7.57138897902542,-317.8709692313657,0.60292649269104,0.35590457916259766,-1.4076014757156372,0.8615161180496216,2.37375807762146,-1.8516991138458252
5.52,-0.019546031951904297,0.012537956237792969,0.0063765645027160645,0.4097369909286499,-1.6021593809127808,-0.4013567864894867,695.607073245845,694.4787288989585,689.5363500976396,39.00900549613595,46.71892720929045,31.77332705966248,41.51020431518555,44.81632614135742,30.12244987487793,-49.93582535855264,-2.5324584419355842,-319.2096774193548,-47.87283467254709,14.127848707378961,-317.91146299434854,-49.9358262946884,-2.5324585293988098,-319.20967889318234,-0.6968842148780823,-2.5755774974823,0.9420854449272156,-2.7683944702148438,2.2731130123138428,-2.0518226623535156
5.56,-0.01800858974456787,0.013971865177154541,0.015989959239959717,0.4796873927116394,-0.994018018245697,-0.32475218176841736,695.3812530365926,693.2116086944775,685.1486031197772,37.61661185262126,47.60919599511811,33.371382371220065,40.04081726074219,45.91836929321289,30.857141494750977,-48.40385594331024,-12.532626612935932,-320.54838709677415,-49.7242641199192,4.753565684875627,-318.3738671995718,-48.403856865723455,-12.5326268826854,-320.5483885550338,-0.8938766717910767,-0.4999052584171295,0.25673234462738037,-2.4867818355560303,2.6175127029418945,1.1635068655014038
5.6,-0.01666492223739624,0.010276317596435547,0.018236398696899414,0.7011556029319763,-0.3180219531059265,-0.6909810900688171,693.9733431295246,684.730966085895,694.1428316048513,36.291673076538615,48.19916988627712,35.21967587980105,38.57143020629883,47.020408630371094,32.32653045654297,-44.890226978537065,-22.019707577881746,-321.88709677419354,-49.38909813037903,-5.817416823146407,-319.7722192118269,-44.8902278482069,-22.019708013944406,-321.887098218184,-0.9195387959480286,0.46618321537971497,0.036493171006441116,-2.844120502471924,0.8445899486541748,1.331028699874878
5.64,-0.014143168926239014,0.007750988006591797,0.018438279628753662,1.137282133102417,-0.5348821878433228,-1.1393896341323853,691.2657293711341,695.0788032869714,679.6525357861256,35.11325088798454,48.489204130275574,37.24372854702328,37.10204315185547,47.75510025024414,34.163265228271484,-39.53878684688494,-30.605299127383134,-323.2258064516129,-46.5230448757137,-16.175004177299073,-321.20492765987365,-39.538787625294866,-30.605299708365152,-323.2258078834588,1.8370652198791504,0.6316436529159546,-0.5509673953056335,-2.8132529258728027,-0.9526758193969727,1.1856848001480103
5.68,-0.009064435958862305,-1.043081283569336e-05,0.028118014335632324,0.682648241519928,-0.21941907703876495,-0.9057905673980713,698.2170968617792,678.3158339985695,689.1828319051955,34.15552165160773,48.48517214062632,39.36185110672743,35.632652282714844,48.48979949951172,35.632652282714844,-32.568624136111154,-37.937906134639505,-324.56451612903226,-44.67918637727073,-25.79554028209072,-321.6271601477197,-32.568624787001816,-37.93790683518612,-324.5645175509211,0.865176796913147,-1.1394141912460327,-0.1106443777680397,0.7217620611190796,-2.9362006187438965,0.898060142993927
5.72,-0.006546974182128906,0.006331145763397217,0.026619136333465576,0.3234636187553406,0.36192238330841064,-0.8495493531227112,685.068968168348,687.3700436995653,690.7945729395603,33.48281765406046,48.198265628828,41.49111135104435,34.53061294555664,48.12245178222656,37.836734771728516,-24.265098126554143,-43.717330807229054,-325.9032258064516,-36.24679619386511,-33.0129653193366,-322.98524366984935,-24.265098617917104,-43.71733159922939,-325.9032272197968,-1.1643428802490234,0.7537434697151184,-0.025977211073040962,0.371768593788147,1.4551098346710205,0.3587815463542938
5.76,-0.011876344680786133,-0.005087614059448242,0.03813505172729492,0.08305206894874573,-0.7052274346351624,0.6630469560623169,669.8515132323323,698.4945025780695,699.9984215621321,33.145681281521796,47.645739403279215,43.55340084822574,34.163265228271484,48.48979949951172,39.30612564086914,-14.968156148667871,-47.70696282000245,-327.241935483871,-32.77193791590239,-37.816311269424524,-324.50630976452436,-14.968156454936727,-47.70696367354886,-327.2419368886992,-0.8351300954818726,-1.137995719909668,0.41330182552337646,-3.204068899154663,3.051358222961426,0.9585778117179871
5.8,-0.0049370527267456055,-0.0019094347953796387,0.02283763885498047,0.03657402843236923,0.22529083490371704,-1.4265165328979492,667.3880919827424,678.7036841483779,664.551827460987,33.178119926105715,46.852375918681055,45.48051719110009,33.42857360839844,47.75510025024414,42.24489974975586,-5.0584160993716285,-49.74346616959476,-328.5806451612903,-19.986516676830167,-44.431806663259145,-326.4380054426564,-5.058416203581846,-49.7434670537854,-328.58064655610076,-1.1719965934753418,0.7423733472824097,-0.3010192811489105,-2.679556369781494,2.511597156524658,0.5590682625770569
5.84,0.0020399093627929688,-0.002932310104370117,0.024414777755737305,0.5503045320510864,0.8594463467597961,-1.0580203533172607,695.5375270927219,699.5639146578224,683.4855379425949,33.59594683120191,45.85225331964905,47.217394597378,33.061222076416016,47.020408630371094,44.081634521484375,5.058416099371543,-49.74346616959476,-329.91935483870964,-10.74539512696294,-47.760722679428284,-327.22519071288946,5.058416203857572,-49.74346705326298,-329.91935622090284,0.49495163559913635,0.812518835067749,-0.3737499713897705,-1.0281047821044922,-1.974084496498108,0.9067426323890686
5.88,0.0029204487800598145,-0.007564544677734375,0.02267235517501831,-0.03261161595582962,0.5395141839981079,-0.4989270269870758,667.1905879855055,695.2202905830105,696.504363234253,34.395991031903655,44.69022607906023,48.72315487137186,33.42857360839844,46.28571701049805,45.91836929321289,14.968156148667791,-47.706962820002474,-331.258064516129,-1.353478303934616,-48.604020378393415,-328.98872032117526,14.96815645729196,-47.706963672395155,-331.2580658828817,0.35018688440322876,0.0820406898856163,-0.024108974263072014,0.5461300611495972,2.2062478065490723,0.6952590346336365
5.92,0.004061996936798096,-0.008612751960754395,0.016896545886993408,-0.19234159588813782,0.7259200811386108,-1.0220324993133545,676.5377741353715,698.7144167788797,685.0129352473197,35.55605469292359,43.42244187468055,49.970254318663216,34.163265228271484,45.183677673339844,47.75510025024414,24.26509812655407,-43.7173308072291,-332.5967741935484,9.517774407798564,-47.52164513295534,-330.72796835915955,24.265098623802757,-43.717331598587876,-332.596775542821,0.4724828600883484,0.7313685417175293,-0.34736010432243347,-1.611132025718689,-0.6148146390914917,1.3201568126678467
5.96,0.005075335502624512,-0.01150578260421753,0.019428253173828125,-0.4499315917491913,0.6824621558189392,-0.31948402523994446,691.8849424108305,698.2146353631032,692.5801427443943,37.035698130823874,42.11531818136849,50.94241368195404,35.26530456542969,44.081634521484375,48.85714340209961,32.56862413611109,-37.93790613463956,-333.93548387096774,17.65997826879372,-43.71291139946391,-332.26309177486417,32.56862479681134,-37.93790683664148,-333.9354852022648,-1.0840229988098145,-1.356137752532959,0.48843854665756226,-2.143805503845215,0.8878427743911743,1.3550759553909302
6.0,0.01807636022567749,-0.015084803104400635,0.010748982429504395,-0.4773314595222473,0.9444337487220764,-0.6468155384063721,695.4096369095337,692.0731685198333,697.6847608396778,38.77811114594491,40.84273270931099,51.63213309839797,36.0,42.97959518432617,50.32653045654297,39.53878684688488,-30.6052991273832,-335.2741935483871,27.19371840215519,-42.025289314929296,-333.005780344215,39.53878763824305,-30.605299713475517,-335.27419486297686,0.3242238759994507,-1.727382779121399,0.7514220476150513,1.8667521476745605,-2.8267505168914795,-0.8505804538726807
6.04,0.022841274738311768,-0.005238711833953857,0.009963631629943848,-0.5038530826568604,0.7261996269226074,-0.5472865104675293,696.4600651691895,698.7171803849805,695.4505223570283,40.713355259320856,39.68166436730692,52.03847241579056,37.469390869140625,41.14285659790039,51.06122589111328,44.89022697853703,-22.01970757788182,-336.61290322580646,36.35114028160367,-34.77378947579009,-333.4096603532302,44.890227862508674,-22.0197080236644,-336.6129045263069,0.045046593993902206,0.721350371837616,-0.03991127014160156,1.154583215713501,2.1088521480560303,0.4037415385246277
6.08,0.024561643600463867,-0.006267726421356201,0.010645270347595215,-0.91546231508255,0.5118387341499329,0.46006110310554504,688.8799548642168,694.326213277025,692.32706568813,42.763054931096,38.70695794117423,52.16554976138771,39.30612564086914,40.04081726074219,51.42857360839844,48.40385594331022,-12.532626612936015,-337.9516129032258,41.41483076490678,-26.676758885271703,-334.87413379663144,48.40385687897814,-12.532626896819314,-337.95161419268186,-0.22381480038166046,0.440521776676178,1.3397505283355713,1.2703118324279785,2.651355504989624,-2.0551633834838867
6.12,0.03468996286392212,-0.016868114471435547,0.0064504146575927734,0.5626979470252991,-0.10765187442302704,-0.21636462211608887,699.9890329169115,684.3255484315387,678.1142848321039,44.84620137257076,37.98607313307515,52.02198255679299,40.7755126953125,39.6734733581543,51.795921325683594,49.93582535855264,-2.53245844193567,-339.2903225806451,43.97172149435249,-21.217008511110034,-336.61917577659125,49.935826304362166,-2.5324585462699805,-339.29032386139943,0.2928639054298401,-1.0619767904281616,0.36651235818862915,1.5137245655059814,-2.922908306121826,0.6856446266174316
6.16,0.01975560188293457,-0.003804504871368408,-0.002465546131134033,-1.312294840812683,0.6043168306350708,-0.323525071144104,671.2831238748328,696.8813393210999,685.0727695767283,46.88527042613676,37.574549160068045,51.621303701382125,43.71428680419922,38.20408248901367,52.163265228271484,49.42341621640558,7.571388875228753,-340.6290322580645,49.91769933229825,-7.827147449789778,-338.3397870980931,49.423417132242925,7.571388962524761,-340.62903353081157,0.8091407418251038,0.8130802512168884,-1.5372498035430908,1.0134923458099365,1.9619618654251099,-1.8668856620788574
6.2,0.029698967933654785,-0.00457686185836792,-0.0030477046966552734,-0.8459228873252869,0.14546197652816772,0.23077641427516937,690.89005666728,673.5447710375527,679.0663432695966,48.811590294537304,37.51257911052519,50.98321721977464,45.183677673339844,37.836734771728516,51.795921325683594,46.887606607354066,17.365262642240893,-341.9677419354839,49.50254540597914,-0.35418306524681303,-339.33565883498494,46.887607456462455,17.365262925774793,-341.96774319886697,0.14454862475395203,-1.0013469457626343,-0.17574425041675568,1.3998148441314697,-1.6031352281570435,0.6619950532913208
6.24,0.02485072612762451,0.0007541775703430176,-0.0013617873191833496,-0.6678497791290283,0.7502602934837341,0.06906230002641678,694.5089217761446,698.936031701191,669.0821560527671,50.56900932762391,37.82274289595741,50.13538286953044,47.38775634765625,37.469390869140625,51.06122589111328,42.432212874737544,26.448200516348123,-343.3064516129032,47.55755794664585,11.19649957077562,-340.6551285736247,42.432213625372675,26.448200991521468,-343.3064528638503,0.03306984901428223,0.84759521484375,-0.4238775670528412,1.007900595664978,-3.1673667430877686,1.4769786596298218
6.28,0.023466110229492188,-0.006656348705291748,-0.016158699989318848,-0.6033545732498169,-1.1339073181152344,0.2204936146736145,695.3991592772195,699.9745842002085,681.6991220540409,52.11539051549147,38.50875402411578,49.115233355299694,49.224491119384766,38.20408248901367,51.06122589111328,36.23963936145603,34.4483459537843,-344.64516129032256,44.91969210012725,17.703497603847172,-343.59227179405116,36.23963998806592,34.44834660574332,-344.6451625250505,0.38934412598609924,-1.4296494722366333,-0.9463809728622437,1.9771138429641724,-0.9813655614852905,-2.9164538383483887
6.32,0.024810194969177246,-0.0010930895805358887,-0.014730274677276611,-0.6784349679946899,0.042940832674503326,0.37387096881866455,694.3446908617326,667.7096355335746,688.0490099628953,53.42207379697339,39.55508283421945,47.971178704757435,50.693878173828125,38.57143020629883,49.95918273925781,28.56341075473969,41.03817206036376,-345.98387096774195,39.387072007927905,26.039809104296683,-344.58850799056444,28.563411238438306,41.0381728639837,-345.98387218308335,0.31219032406806946,-0.9048587083816528,-0.9521661996841431,2.654981851577759,-3.2245566844940186,-2.906853675842285
6.36,0.015559375286102295,0.0043454766273498535,-0.009051263332366943,-0.7874643206596375,-0.410551518201828,1.0335307121276855,694.4021372870654,690.009216207599,698.2799539763346,54.471923508974236,40.927471297987296,46.76253585928209,52.53061294555664,39.30612564086914,48.48979949951172,19.717792755666053,45.94789058101148,-347.3225806451613,31.364572952011518,36.27396079684337,-345.67467083330826,19.717793083910134,45.947891501951155,-347.32258183972357,-0.11155859380960464,-1.469321608543396,2.0737242698669434,1.400113582611084,-1.7439265251159668,-2.367854118347168
6.4,0.021059036254882812,0.009064137935638428,-0.02373558282852173,-0.30858251452445984,-0.5112847089767456,0.08934300392866135,695.1252769534398,694.3071023906331,697.7739778041541,55.25676388570875,42.57453388359117,45.55772680158112,53.26530456542969,40.408164978027344,48.12245178222656,10.064926004433007,48.97649706262472,-348.6612903225806,26.380171842034972,38.36104454410185,-347.5264997886219,10.06492617005744,48.976498059205156,-348.6612914972962,0.327836275100708,0.9575642943382263,-1.4580022096633911,2.6339223384857178,-0.40620118379592896,-3.2033638954162598
6.44,0.00911247730255127,0.01857548952102661,-0.012706279754638672,-0.23914967477321625,-0.7132558226585388,0.8154338002204895,679.6200931801618,693.7643389460975,697.4529493228858,55.77492628799408,44.430711048655304,44.43071104865531,54.73469543457031,41.51020431518555,46.28571701049805,4.898587196589413e-14,50.0,-350.0,16.12581371237492,47.077003170941964,-347.7723075210341,-4.947913506307222e-15,50.00000102555436,-350.0000011578493,0.6398400068283081,0.38866180181503296,-2.152442693710327,1.104509949684143,2.70320987701416,-3.095362901687622
